Workbook
Name HolidayDates: Holidays!$B$5:$B$60
Name StaffNames: 'Staff Directory'!$B$5:INDEX('Staff Directory'!$B$5:$B$594,MAX(1,COUNTA('Staff Directory'!$B$5:$B$594)))

Sheet README
B2: PPE, SUPPLY & INVENTORY MANAGEMENT SYSTEM
B3: Fiscal Year 2026–27 · Rebuilt formula-driven edition · No macros, no external data connections
B5: HOW THIS WORKBOOK IS DESIGNED
B6: Design principle | C6: Every reporting sheet is driven by live Excel formulas. There are no VBA macros and no external data connections, so the workbook is self-contained, auditable, and safe to keep on a network drive in a regulated environment.
B7: No refresh required | C7: In the previous version the reporting sheets were pasted Power Query output that went stale until manually refreshed. Those sheets are now formulas — they recalculate the moment you enter data.
B8: Three layers | C8: INPUT sheets (you type here) → CALCULATION sheets (formulas only) → DASHBOARD (summary). Never type into a calculation sheet.
B9: Lot traceability | C9: Every receipt carries a Lot Number. Issues are allocated to lots on a First-Expiry-First-Out basis, so a recall can be traced from vendor lot to the staff member who received it.
B11: COLOUR LEGEND
B12: Yellow fill, blue text | C12: INPUT — type here. These are the only cells you should edit.
B13: Black text | C13: Formula — calculated within the same sheet. Do not overwrite.
B14: Green text | C14: Formula — pulls from another sheet. Do not overwrite.
B15: Grey header band | C15: Column headings. Locked layout — do not insert columns inside a table.
B17: SHEET INDEX
B18: Settings | C18: INPUT — alert thresholds, fiscal year start, lead times. Change the numbers here to retune every alert in the workbook.
B19: Items | C19: INPUT — item catalogue: unit rate, standard issue quantity, critical low threshold. The master list every other sheet looks up.
B20: Staff Directory | C20: INPUT — staff ID, name, role, area, contact. Source of truth for staff-linked lookups.
B21: Vendors | C21: INPUT — supplier and service vendor register.
B22: Holidays | C22: INPUT — statutory holidays. Used by WORKDAY() to schedule pickup and reissue dates.
B23: Receipts | C23: INPUT — one row per lot received from a vendor. This is the goods-in ledger.
B24: Issues | C24: INPUT — one row per item dispensed to a staff member. This is the goods-out ledger.
B25: Lot Balance | C25: CALC — per-lot balance with First-Expiry-First-Out allocation, days to expiry, and a recorded-vs-suggested variance check.
B26: Item Balance | C26: CALC — per-item on-hand quantity and value, stock status, earliest expiring lot, and the next lot to issue.
B27: Alerts - Low Stock | C27: CALC — items at or below their critical low threshold. Filter the Alert column.
B28: Alerts - Expiry | C28: CALC — lots expiring inside the alert window, or already expired. Filter the Alert column.
B29: Alerts - Over Quota | C29: CALC — staff members issued more than an item's monthly quota. One row per staff member, item and month.
... B34: Professional Services | C34: INPUT + CALC — service vendor engagements and next scheduled service.
B36: DAILY WORKFLOW
B37: 1. Goods arrive | C37: Add a row to Receipts: date ordered, vendor, lot number, item name, quantity received, expiry date, date received. Everything else fills itself.
B38: 2. Item dispensed | C38: Add a row to Issues: order date, staff ID, item name, quantity, lot number. Enter the Tracking ID once the item is collected — Status flips to Collected automatically.
B39: 3. Check alerts | C39: Open Alerts - Low Stock and Alerts - Expiry. Filter the Alert column to anything other than OK.
B40: 4. Recall received | C40: Open Lot Balance, filter Lot Number to the recalled lot, then filter Issues by that lot to identify every staff member who received it.
B42: KNOWN GAPS CARRIED OVER FROM THE SOURCE WORKBOOK
B43: Critical Low not set for all items | C43: 82 of 127 items have no critical low threshold, so low-stock alerts cannot fire for them. Those cells are highlighted yellow in Items — fill them in to activate the alert. The live count is on the Dashboard under Data Integrity Checks.
B44: Item names are the join key | C44: Lookups match on Item Name text. Renaming an item in Items without updating Receipts and Issues will break its history. Consider adding an Item Code column later.
B45: Recorded lot vs suggested lot | C45: Lot Balance shows both the lot you recorded and the lot First-Expiry-First-Out would have suggested. A non-zero Variance means stock was issued out of expiry order — review it.
B47: IMPORTANT
B48: Data notice | C48: DEMONSTRATION COPY — SAFE TO PUBLISH. All staff names, email addresses, vendor names, branch names and the organisation name in this workbook are synthetic placeholders. Staff names are Lastname###, Firstname### and emails are auto-derived at example.com. No real person, employer or supplier is identified. Quantities, dates, rates and costs are retained so the formula logic can be demonstrated end to end.
B49: Purpose | C49: Published as a portfolio example of a formula-driven Excel inventory system: FEFO lot allocation, expiry and low-stock alerting, per-staff monthly quota enforcement, and auto-generated notice emails. No macros, no external data connections.
B50: CHANGE LOG
B51: Staff ID auto-generated | C51: Staff Directory column A is now a formula: Role-###-Area, sequence numbered per role, with TBD substituted when Area is blank. Do not type into it — add a row with Role and Area and the ID builds itself. Issues staff IDs were rewritten to the new format to keep lookups intact.
B52: Email auto-generated | C52: Staff Directory column E is now a formula: first.last@example.com, derived in lower case from Staff Name (spaces become dots).
B53: Issues entered by staff name | C53: Issues column C (Staff Name) is now the input with an in-cell dropdown sourced from Staff Directory names. Column B (Staff ID) is a formula that looks the ID up from the name, so you never type an ID.
B54: Monthly quota alert | C54: An item's Standard Issue Qty is the monthly limit per staff member. Issues columns R-X calculate the month, the staff member's units for that item in that month, the quota, and a Quota Status of OK or OVER QUOTA. Alerts - Over Quota lists one row per staff x item x month breach, and the Dashboard carries the breach count. Settings C11 lets you allow more than one standard issue per month.
B55: Team lead override | C55: An over-quota row turns pink across the whole row. Set TL Approval (Issues column Y) to Approved and the row turns green, reads APPROVED BY TL, and drops off Alerts - Over Quota. Record who authorised it in Approved By / Ref (column Z). The Dashboard counts approved overrides separately.
B56: Row colour rules on Issues | C56: Green row = Tracking ID entered, so the item was collected. Pink row = over the monthly quota and not yet approved; pink outranks green so a breach is never hidden by a collected row. Green with APPROVED BY TL = over quota but authorised.
B57: Pickup / dispatch notice | C57: Issues columns AA-AH build the staff notice. Notice type is driven by Settings C15: roles listed there collect in person and get the pickup notice, every other role including RN gets the dispatched / in transit notice. Both notices are deliberately short so the whole mailto link stays under the 255-character limit that the HYPERLINK formula imposes - the pickup wording (Sample Branch, Wed-Fri, 9am-4pm) is written into the column AD formula rather than pulled from Settings, and there is no sign-off. The dispatch notice no longer quotes the Tracking ID. Column AF is a HYPERLINK formula that builds its own Draft email link on every new row, so no refresh is ever needed. Longest link today is 215 characters; if a very long staff name ever pushes one past 255 the body needs trimming.
B58: DONE - Issues, Receipts, Lot Balance | C58: Issues, Receipts and Lot Balance are now Excel Tables (tblIssues, tblReceipts, tblLotBalance). Type in the first row below Issues or Receipts and the Table extends itself, inheriting every formula, number format, the staff dropdown, the colour rules and the Draft email link. Lot Balance and Alerts - Expiry are calculated mirrors - they reach rows 2000 and 2001 and fill themselves in as Receipts grows, with nothing to drag. Office Supplies (data to row 400) and Professional Services (data to row 200, with the spend total in row 202) are still plain ranges and still go dead below those rows.
B59: How the Tables were built | C59: No rows were trimmed. Lot Balance and Alerts - Expiry read their source row by position, so cutting Receipts back to the last record would have filled the mirror rows with #REF!. Current Table extents are Issues A4:AO1977, Receipts A4:K192 and Lot Balance A4:Q2000 - the cost is trailing blank rows inside each Table. About 16,200 dependent formulas across Lot Balance, Item Balance, Alerts - Expiry, Alerts - Over Quota, Staff Summary, Monthly Summary and Dashboard were repointed from fixed ranges to structured references such as tblIssues[Staff ID] and tblLotBalance[Lot Balance], so they follow the Tables as they grow. Lot Balance stops at 2000 because each row runs several COUNTIFS/SUMIFS; raising it later is quick now that dependents use structured references.
B60: Change Log sheet | C60: A dated, row-by-row record of every change made during the 26 July 2026 session, including the open duplicate-email issue and the Table conversion. Record only - nothing depends on it.
B61: CAUTION when editing | C61: Never delete a Receipts Table row - the Lot Balance and Alerts - Expiry mirrors read by position, so the matching mirror row turns into #REF!. Clear the row contents instead. Never delete a Table object either: that erases its data and rewrites every structured reference in the workbook as #REF!. There are no backup sheets in this copy, so save a file copy before any structural change.
B62: Formula audit - 4 August 2026 | C62: Full-workbook formula audit. Staff Directory column E was returning #REF! on all 295 rows because the email formula still pointed at first-name and last-name columns that had been deleted; it was rebuilt to parse Staff Name (Lastname, Firstname) and now returns first.last@example.com for all 266 staff. Stale email formulas below the last staff row were cleared, as were 324 stray zeros in column B. Professional Services gained the missing spend total in E202 and its vendor email / contact lookups now return blank instead of 0 when the Vendors record is empty. No other sheet needed changes: the ~148,000 formula cells on Issues, Lot Balance, Item Balance, the three Alerts sheets, Staff Summary, Monthly Summary, Receipts and Dashboard contained no error values and no hardcoded overrides pasted over formulas.

Sheet Change Log
A1: CHANGE LOG
A2: Changes made to this workbook during the working sessions of 26 July 2026, 28 July 2026 and 4 August 2026. Newest entries at the bottom. This sheet is a record only - nothing else in the workbook depends on it. Read the OPEN ITEMS block below the log before resuming work.
A4: Date | B4: Sheet / Area | C4: Change | D4: Detail | E4: Status
A5: 46229 | B5: Staff Directory | C5: Staff ID auto-generated | D5: Column A is now a formula: role-sequence-area, e.g. PSW-001-A4. Area shows TBD when the Area cell is blank. Sequence numbers match the originals. | E5: Done
A6: 46229 | B6: Issues | C6: Staff IDs updated to the new format | D6: All 73 populated rows in column B were re-mapped to the new role-sequence-area IDs so every lookup on other sheets kept working. | E6: Done
A7: 46229 | B7: Staff Directory | C7: Email auto-generated | D7: Column E is now first.surname@example.com, built from the staff name column. Helper columns H to K hold the cleaned name, first name, surname and greeting name. | E7: Done
A8: 46229 | B8: Staff Directory | C8: Duplicate email flagged | D8: Rows 87 and 88 both produced the same generated email address. Row 87 (a PSW A4 record) was deleted on request and row 88 kept. No duplicate emails or duplicate staff IDs remain across the 243 records. | E8: Resolved
A9: 46229 | B9: Issues | C9: Staff entry switched from ID to name | D9: Column C is now the input with a dropdown of staff names from the Staff Directory. Column B looks the Staff ID up automatically, so you never type an ID again. | E9: Done
A10: 46229 | B10: Settings | C10: Monthly quota setting added | D10: Row 11: monthly issues allowed per staff, set to 1. Monthly quota per staff per item = Standard Issue Qty x this number. | E10: Done
A11: 46229 | B11: Issues | C11: Monthly quota tracking added | D11: Columns R to X: Month, Units This Month for that staff member and item, Monthly Quota, Quota Status, plus three helper columns that de-duplicate breaches. | E11: Done
A12: 46229 | B12: Alerts - Over Quota | C12: New sheet | D12: One row per staff member, item and month over quota, with the excess. Summary band on row 3. Currently 3 breaches across 7 issue rows, 2 staff, 248 excess units. | E12: Done
A13: 46229 | B13: Dashboard | C13: Quota counts added | D13: Row 17 counts staff x item x month breaches. Row 18 counts breaches approved by a team lead. | E13: Done
A14: 46229 | B14: Issues | C14: Team lead approval override | D14: Column Y is an Approved / Not approved dropdown and column Z records who authorised it. Approving a row changes the status to APPROVED BY TL and drops it off the alert sheet. | E14: Done
A15: 46229 | B15: Issues | C15: Row colour rules | D15: Pink row = over quota and not approved. Green row = Tracking ID entered, or over quota but approved. Pink outranks green so a breach is never hidden. | E15: Done
A16: 46229 | B16: Settings | C16: Notice settings added | D16: Rows 12 to 16: pickup location, pickup days, pickup hours, pickup roles and the email sign-off. All wording in the notices comes from these cells. | E16: Done
... A48: 46231 | B48: Issues, Lot Balance, Item Balance, Alerts, Summaries, Dashboard | C48: Nine order lines that had a blank quantity now default to Standard Issue | D48: Rows 1927-1935 were real order lines with Item Name filled but Qty Issued left blank, so they contributed nothing to any balance, quota or cost figure. Under the new formula they now pick up their item's Standard Issue Qty. Total Qty Issued moved from 273,794 to 276,010 (+2,216 units) and total Line Cost from $34,447.70 to $34,601.20 (+$153.50); every other row is unchanged. If any of those nine lines was deliberately zero, enter 0 in its Qty Override cell. | E48: Note
A50: STATUS FOR WHOEVER PICKS THIS UP NEXT
A51: Topic | B51: Where | C51: What you need to know
A52: What this file is | B52: - | C52: This is the ANONYMISED copy of PPE_Supply_Inventory_FY26-27. Every name, contact, address, supplier and price in it is dummy data. The real data lives in the master file, which never leaves the restricted drive. Use this copy for structural work only. | D52: Fact
A53: Masking and restore spec | B53: Restore Guide sheet | C53: Parts 1-7: rules for working in the copy, an inventory of every masked column and what its dummy value encodes, the restore formulas, the find-and-replace reversals, what is still real, and Part 7 the full round-trip cycle with the forward masking formulas. Do not re-derive any of this - it is all on that sheet. | D53: Fact
A54: Money figures are fake | B54: Items, Professional Services and everything derived | C54: Items unit rate and Professional Services cost are masked, so Received Value, Line Cost, Balance Value, Total Cost and every Dashboard money figure in THIS copy are meaningless. Never quote a financial number out of this file. | D54: Warning
A55: Never re-sort five sheets | B55: Staff Directory, Vendors, Items, Office Supplies, Professional Services | C55: Restore and re-masking both key off row position or the dummy value derived from it. Inserting and deleting rows is safe; sorting these five sheets breaks the mapping permanently. | D55: Warning
A56: OPEN - missing receipts | B56: Issues, Receipts, Item Balance | C56: 993 Issues rows name items that have no Receipts entry at all. No lot can be picked for them (Lot Check says 'no receipt on file'), and this is also why Item Balance shows negative on-hand figures. Entering the missing receipts clears both symptoms at once. Biggest outstanding data job. | D56: Open
A57: OPEN - 6 invalid lot overrides | B57: Issues, Lot Override column | C57: Six rows hold a Lot Override that is not a lot of that item - Issues row 7 is one of them (it held the organisation name). Decide per row: clear it so FEFO takes over, or correct it. | D57: Open
A58: OPEN - 21 FEFO deviations | B58: Issues, Lot Check column | C58: 21 rows show 'Override - FEFO says X': a lot was issued out of expiry order. Confirm each was deliberate, or clear the override. Lot Balance Variance flags the 9 lots affected. | D58: Open
A59: OPEN - live file handoff | B59: Live workbook | C59: On 28 July 2026 the Issues FEFO column set (Lot Override, Cum Units, Line Start Unit, FEFO Lot (Auto), Lot At Line End, Lot Check, plus the Lot Number formula) was handed to the session holding the live workbook, matched by header name rather than column letter. Confirm it was actually applied there before relying on it. | D59: Open
A60: OPEN - metadata | B60: File properties | C60: Excel stamps the last author on save, so this file still carries a real user name. Run File > Info > Check for Issues > Inspect Document and remove document properties and personal information before any copy is shared. | D60: Open
A61: Known quirk - mirror offset | B61: Item Balance, Alerts - Low Stock | C61: Item Balance mirrors Items 1:1 down to row 120, then runs 3 rows behind from row 124 onward. Rows 121-123 are deliberately pointed at empty Items rows 598-600 so they render blank. This offset pre-dates the anonymisation work; it loses no items, but do not 'fix' it without checking Alerts - Low Stock, which mirrors Item Balance one row down. | D61: Fact
A62: 46231 | B62: Issues, Lot Balance, Restore Guide | C62: Formula coordination and warning cleanup | D62: Normalized Issues column W first-breach formulas, restored Lot Balance rows 5:2000 to same-row Receipts mirror formulas per the change-log caution, and converted Restore Guide example formulas to text so they no longer act as live external links. Item Balance mirror offset was deliberately left unchanged per the known-quirk note. | E62: Done
A63: 46231 | B63: Restore Guide Part 4 | C63: Text replacement pass applied | D63: Text replacement pass reversed. All organisation names, email domains, branch names, staff names and vendor names in this workbook are synthetic placeholders. The original values are not recorded anywhere in this file. | E63: Done
A64: 46231 | B64: Issues, Change Log | C64: Qty Issued / Qty Override change applied to this workbook from the other session's steps | D64: Matched by header name, not column letter: Qty Override landed in column AO because tblIssues already ran to AN. Sequence followed - override column added to the Table, the 3 rows with a typed quantity different from Standard Issue moved into it (rows 40, 41, 1303), then J5:J1977 filled with the override-first formula. Line Cost in column L already held =IF(OR($J="",$K=""),"",$J*$K) so it was left alone. Verified after: no error values in the used range of Issues, Lot Balance, Item Balance, all three Alerts sheets, Staff Summary, Monthly Summary, Dashboard or this sheet. Totals before and after are in row 48 - they do not match, because nine blank-quantity rows now default to Standard Issue. | E64: Done
A65: 46231 | B65: Issues | C65: Over-quota row highlight now covers the whole row | D65: The pink rule was applied to a patchwork of ranges (A5:Z23, A30:Z42, U16:U1926, G1927:I1977 and 17 others), so on most breach rows only part of the row turned pink and the columns outside those blocks stayed green or unfilled. Replaced with a single rule on A5:AO1977, =$U5="⚠ OVER QUOTA", pink fill #FCE4EC with dark red text, priority 1 so it still outranks the green collected rule. The green rule was rebuilt on the same full-width range (it stopped at AH, so the six FEFO columns and Qty Override were never shaded). 141 rows are currently over quota and 2 are approved by a team lead. A stale rule on P43:P46 keyed to column J = "✅" was deleted at the same time - it could never fire once J became a quantity formula. Five rules remain on the sheet: over-quota row, over-quota status cell, approved status cell, Tracking ID cell, collected row. | E65: Done
A66: 46231 | B66: Staff Directory, Issues, Vendors, Items, Receipts, Office Supplies, Settings, README | C66: Full anonymisation for public release | D66: 265 unique staff names replaced with Lastname###, Firstname### placeholders across Staff Directory (590 rows) and Issues (1,973 rows). 295 email formulas repointed to @example.com. Branch wording reset to Sample Branch in Settings C12 and 1,973 Issues notice-body formulas; sign-off reset to Sample Supply Team. 14 vendor records plus 62 Receipts and 22 Office Supplies rows replaced with fictional vendor names; retailer brands inside item names replaced consistently across Items, Receipts, Issues and Office Supplies so the join keys still match. File metadata cleared. No formula logic was altered - only input cells and two hardcoded string literals. | E66: Done
A67: 46231 | B67: Staff Directory, Restore Guide | C67: Area codes masked; Restore Guide sheet removed | D67: The 10 real service-area codes in Staff Directory column D were replaced with generic codes A1-A10 across 242 rows, removing the residual re-identification risk noted in the old Restore Guide Part 5 (area codes plus per-staff transaction behaviour). Staff IDs in Staff Directory column A and Issues column B are formulas and rebuilt themselves; no formula hardcoded an area code, so nothing else needed changing. The Restore Guide sheet was then deleted: it documented the previous row-number-based masking scheme, which no longer matches this file, and it published the masking method itself. It is retained in the owner's private master copy. Earlier Change Log rows still reference it as history. | E67: Done
A68: =DATE(2026,8,4) -> 46238 | B68: Staff Directory, Professional Services | C68: Formula audit - broken email column and missing total repaired | D68: Workbook-wide audit of ~148,000 formula cells across all 19 sheets. Staff Directory E5:E299 held the only error values in the file - 295 #REF! cells, because the email formula still referenced first-name and last-name columns deleted during an earlier restructure. Rebuilt as =IF($B5="","",IFERROR(LOWER(SUBSTITUTE(TRIM(MID($B5,FIND(",",$B5)+1,255))," ",".")&"."&SUBSTITUTE(TRIM(LEFT($B5,FIND(",",$B5)-1))," ","."))&"@example.com","")), parsing the existing Lastname, Firstname value in column B. 266 addresses now generate, 265 of them unique - the one duplicate (rows 89 and 90) is a genuinely duplicated directory name, not a formula fault, and remains open. Also cleared 29 stale email formulas in E271:E299 that ran past the last staff row, and 324 stray zero values in B271:B594 that were inflating COUNTA-based staff counts. On Professional Services, added the missing =SUM($E$5:$E$200) beside the Total service spend label in E202, and appended &"" inside the column H and I vendor lookups so an empty Vendors record returns blank rather than 0. Verified after: full recalculation, then a used-range scan of all 19 sheets returned zero error cells. | E68: Done
A69: =DATE(2026,8,4) -> 46238 | B69: README, Change Log | C69: Documentation refreshed to match the current file | D69: Corrected four stale statements on the README sheet: the critical-low gap now reads 82 of 127 items (was 73 of 116); Table extents corrected to Issues A4:AO1977 and Receipts A4:K192 (were quoted as A4:AH3000 and A4:K1000); the caution note no longer tells the reader to keep backup sheets, since Issues (pre-Table), Receipts (pre-Table) and Lot Balance (backup) are not present in this copy; and the Professional Services description now notes that data ends at row 200 with the spend total in row 202. Prepared repository documentation for public release on GitHub. | E69: Done

Sheet Settings
A1: SETTINGS
A2: Change these values to retune every alert and schedule in the workbook.
B4: Setting | C4: Value | D4: What it controls
B5: Expiry alert window (days) | C5: 180 | D5: A lot appears on Alerts - Expiry when days to expiry falls to or below this.
B6: Expiry critical window (days) | C6: 30 | D6: A lot is flagged CRITICAL rather than EXPIRING inside this window.
B7: Low stock watch multiplier | C7: 1.25 | D7: An item is flagged WATCH when on hand is below Critical Low multiplied by this.
B8: Fiscal year start | C8: 46113 | D8: First day of the fiscal year. Drives the Monthly Summary calendar.
B9: Pickup lead time (workdays) | C9: 6 | D9: Workdays added to an order date to set the pickup date, skipping holidays.
B10: Reissue cycle (workdays) | C10: 28 | D10: Workdays added to a pickup date to set the next scheduled issue.
B11: Monthly issues allowed per staff | C11: 1 | D11: Monthly quota per staff per item = Standard Issue Qty x this. A staff member above that in a calendar month is flagged on Issues and listed on Alerts - Over Quota.
B12: Pickup location | C12: Sample Branch | D12: Named in the pickup notice email on Issues.
B13: Pickup days | C13: Wednesday to Friday | D13: Collection days quoted in the pickup notice.
B14: Pickup hours | C14: 9:00 am to 4:00 pm | D14: Collection hours quoted in the pickup notice.
B15: Pickup roles | C15: PSW | D15: Roles that collect in person at the branch. Any other role, including RN, gets the dispatched / in transit notice.
B16: Email sign-off | C16: Sample Supply Team | D16: Signature line at the foot of the pickup and dispatch notices.

Sheet Items
A1: ITEM CATALOGUE
A2: INPUT. Master list of every PPE, office, and equipment item. Every other sheet looks up against Item Name.
A4: Item Name | B4: Item Type | C4: Size | D4: Unit Rate | E4: Standard Issue Qty | F4: Critical Low | G4: Group | H4: Pack / Unit Description | I4: Notes
A5: 1804 N95 Mask | B5: Masks | C5: One Size | D5: 2.05 | E5: 5 | F5: 500 | G5: PPE
A6: 1860 N95 Mask | B6: Masks | C6: One Size | D6: 2.05 | E6: 5 | F6: 500 | G6: PPE
A7: 1860S N95 Mask | B7: Masks | C7: One Size | D7: 2.05 | E7: 5 | F7: 500 | G7: PPE
A8: 1870 N95 Mask | B8: Masks | C8: One Size | D8: 2.05 | E8: 5 | F8: 500 | G8: PPE
A9: 1870+ N95 Mask | B9: Masks | C9: One Size | D9: 2.05 | E9: 5 | F9: 500 | G9: PPE
A10: 8110S N95 Mask | B10: Masks | C10: One Size | D10: 1.45 | E10: 5 | F10: 500 | G10: PPE
A11: 8210 N95 Mask | B11: Masks | C11: One Size | D11: 1.45 | E11: 5 | F11: 500 | G11: PPE
A12: 9210+ N95 Mask | B12: Masks | C12: One Size | D12: 1.45 | E12: 5 | F12: 500 | G12: PPE
A13: CAN95 | B13: Masks | C13: One Size | D13: 1.35 | E13: 5 | F13: 500 | G13: PPE
A14: CAN99 | B14: Masks | C14: One Size | D14: 1.35 | E14: 5 | F14: 500 | G14: PPE
A15: Coverall with hood - VENCVCA300N | B15: IPAC | C15: LG/XL | D15: 3.29 | E15: 4 | F15: 100 | G15: PPE
A16: Coverall with shoe cover | B16: IPAC | C16: Standard | D16: 5.16 | E16: 1 | F16: 500 | G16: PPE
A17: Disinfectant Wipes | B17: Wipes | C17: 80 | D17: 0.1 | E17: 80 | F17: 50000 | G17: PPE
A18: Ear Savers | B18: Accessories | C18: One Size | D18: 3 | E18: 1 | G18: PPE
A19: Epinephrine | B19: Drug | C19: 1 Amp | D19: 5.9 | E19: 2 | G19: PPE
A20: Face Shields | B20: Eye Protection | C20: One Size | D20: 7 | E20: 1 | G20: PPE
A21: Gloves - Large | B21: Gloves | C21: Large | D21: 0.055 | E21: 500 | F21: 4000 | G21: PPE
A22: Gloves - Medium | B22: Gloves | C22: Medium | D22: 0.055 | E22: 500 | F22: 7500 | G22: PPE
A23: Gloves - Small | B23: Gloves | C23: Small | D23: 0.055 | E23: 500 | F23: 4000 | G23: PPE
A24: Gloves - Small/100 | B24: Gloves | C24: Small | D24: 0.055 | E24: 500 | F24: 1000 | G24: PPE
A25: Gloves - X-Large | B25: Gloves | C25: X-Large | D25: 0.055 | E25: 500 | F25: 4000 | G25: PPE
A26: Gloves - X-Small | B26: Gloves | C26: X-Small | D26: 0.055 | E26: 500 | F26: 4000 | G26: PPE
A27: Goggles | B27: Eye Protection | C27: One Size | D27: 10 | E27: 1 | G27: PPE
A28: Hand Sanitizer | B28: Sanitizer | C28: 118 ML | D28: 4.49 | E28: 2 | F28: 200 | G28: PPE
A29: ICE Cleats -Small | B29: PPE | C29: Small | D29: 145.98 | E29: 1 | G29: PPE
A30: ICE Cleats-Large | B30: PPE | C30: Large | D30: 145.98 | E30: 1 | G30: PPE
A31: ICE Cleats-Medium | B31: PPE | C31: Medium | D31: 145.98 | E31: 1 | G31: PPE
A32: ICE Cleats-X-Large | B32: PPE | C32: X-Large | D32: 145.98 | E32: 1 | G32: PPE
A33: Infestation Supplies | B33: IPAC | C33: One Size | D33: 145.98 | E33: 4 | G33: PPE
A34: Level 1/2 - Water resistant Blue Gowns | B34: Apparel | C34: One Size | D34: 3 | E34: 5 | F34: 200 | G34: PPE
A35: Level 1/2 - Yellow Gown | B35: Apparel | C35: One Size | D35: 3 | E35: 5 | F35: 200 | G35: PPE
A36: narrative progress notes | B36: Documents | C36: Standard | D36: 0 | E36: 20 | G36: PPE
A37: Nurse on Duty Pass | B37: Documents | C37: Standard | D37: 0 | E37: 1 | G37: PPE
A38: Personal Care activity Sheets | B38: HS Charts | C38: Standard | D38: 0 | E38: 20 | G38: PPE
A39: PSW Charts | B39: Sample Org Charts PSW | C39: Standard | D39: 0 | E39: 5 | G39: PPE
A40: Shoe Covers | B40: IPAC | C40: Regular | D40: 0.2 | E40: 50 | F40: 300 | G40: PPE
A41: Surgical Masks | B41: Masks | C41: One Size | D41: 0.25 | E41: 50 | F41: 1000 | G41: PPE
A42: Thermometer Cover | B42: Safety | C42: Standard | D42: 1 | E42: 1 | F42: 100 | G42: PPE
A43: Sample Org Nursing Charts A1 | B43: SO A1 Charts | C43: Standard | E43: 20 | G43: PPE
A44: Sample Org Nursing Charts A2 | B44: SO A2 Charts | C44: Standard | E44: 20 | G44: PPE
A45: Wound sheets | B45: Documents | C45: Standard | D45: 0 | E45: 20 | G45: PPE
A46: Block Visit Sheets | B46: Documents | C46: Standard | D46: 0 | E46: 20 | G46: PPE
A47: IV Fluid sheets | B47: Documents | C47: Standard | D47: 0 | E47: 20 | G47: PPE
A48: Flow Sheets | B48: Documents | C48: Standard | D48: 0 | E48: 20 | G48: PPE
A49: BRM Envelopes | B49: Documents | C49: Standard | D49: 0 | E49: 20 | G49: PPE
A50: ID Card | B50: ID Document | C50: Standard | D50: 0 | E50: 1 | G50: PPE
A51: CSS Ice Cleats Small | B51: PPE | C51: Small | D51: 145.98 | E51: 29 | F51: 29 | G51: PPE
A52: CSS Ice Cleats Medium | B52: PPE | C52: Medium | D52: 145.98 | E52: 15 | F52: 15 | G52: PPE
A53: CSS Ice Cleats Large | B53: PPE | C53: Large | D53: 145.98 | E53: 1 | F53: 1 | G53: PPE
A54: CSS Ice Cleats X Large | B54: PPE | C54: X-Large | D54: 145.98 | E54: 2 | F54: 2 | G54: PPE
A55: Sample Org Nursing Charts A2 Bulk | B55: SO A2 Charts | C55: Standard | E55: 30 | F55: 30 | G55: Chart
A56: Sample Org Generic Flow Sheets | B56: Sample Org Charts | C56: Standard | E56: 20 | F56: 20 | G56: Chart
A57: PSW Charts TL 20 | B57: Sample Org Charts PSW | C57: Standard | D57: 0 | E57: 20 | F57: 20 | G57: Chart
A58: PSW Charts TL 10 | B58: Sample Org Charts PSW | C58: Standard | D58: 0 | E58: 10 | F58: 10 | G58: Chart
A59: Master Sign In Sheet | B59: Sample Org Charts PSW | C59: Standard | D59: 0 | E59: 20 | F59: 10 | G59: Chart
A60: Physician Order | B60: SO A2 Charts | C60: Standard | D60: 0 | E60: 20 | F60: 10 | G60: Chart
A61: Progress report to Doctor | B61: Sample Org Charts | C61: Standard | D61: 0 | E61: 20 | F61: 10 | G61: Chart
A62: Medication Administration Record Monthly | B62: Sample Org Charts | C62: Standard | D62: 0 | E62: 20 | F62: 10 | G62: Chart
A63: Diabetic flow Sheet | B63: Sample Org Charts | C63: Standard | D63: 0 | E63: 20 | F63: 10 | G63: Chart
A64: DNR | B64: Forms | C64: Standard | D64: 0 | E64: 5 | F64: 10 | G64: Forms
A65: EDITH | B65: Forms | C65: Standard | D65: 0 | E65: 5 | F65: 10 | G65: Forms
A66: Palliative ESAS Forms | B66: Forms | C66: Standard | D66: 0 | E66: 20 | F66: 10 | G66: Forms
A67: Alcohol Swab | B67: IPAC | C67: Box | D67: 3.25 | E67: 200 | F67: 500 | G67: PPE
A68: BP CUFF | B68: Equipment | C68: Adult Regular | D68: 35 | E68: 1 | G68: Tool
A69: Visit Record Sheet | B69: Documents | C69: Standard | D69: 0 | E69: 20 | G69: Chart
A70: Sterile Gloves - Medium | B70: Gloves | C70: Medium | D70: 0.54 | E70: 10 | G70: PPE
A71: Sterile Gloves - Large | B71: Gloves | C71: Large | D71: 0.54 | E71: 10 | G71: PPE
A72: Cell Phone Charger | B72: Electronic | C72: Standard | D72: 14 | E72: 1 | G72: PPE
A73: Hand Sanitizer OS | B73: Sanitizer | C73: 236 ML | D73: 0.0001 | E73: 1 | F73: 200 | G73: PPE
A74: Disinfectant Wipes OS | B74: Wipes | C74: 160 | D74: 0 | E74: 160 | G74: PPE
A75: Measuring Tape | B75: Metric | C75: 60' | D75: 2.5 | E75: 1 | G75: PPE
A76: Folders (Pocke)t used for Charts - Nursing - Dark Blue | B76: Folder | C76: 25 | D76: 0.63 | E76: 100 | G76: Office Supplies
A77: Standard Twin-Pocket Folders, Light Blue | B77: Folder | C77: 25 | D77: 0.63 | E77: 100 | G77: Office Supplies
A78: Standard Twin-Pocket Folders, Black folder | B78: Folder | C78: 25 | D78: 0.78 | E78: 100 | G78: Office Supplies
A79: Labels - 4" X 1 1/2 Used for Charts - Top | B79: Label | C79: 350 | D79: 0.045 | E79: 350 | G79: Office Supplies
A80: Labels - 4" X 3 1/3" Used for Charts - Bottom | B80: Label | C80: 600 | D80: 0.075 | E80: 600 | G80: Office Supplies
A81: A4 Paper Ream | B81: Stationery | C81: 500 sheets | D81: 7.358 | G81: Office Supplies | H81: 1xReam
A82: Envelopes (Window) | B82: Stationery | C82: Standard (DL) | D82: 44.7 | G82: Office Supplies | H82: Pack of 500
A83: Sticky Notes | B83: Stationery | C83: 3 x 3 inch | D83: 9.5 | G83: Office Supplies | H83: Pack of 12
A84: Ballpoint Pens | B84: Stationery | C84: 0.7 mm tip | D84: 9.98 | G84: Office Supplies | H84: Box of 60
A85: Marker Co Permanent Markers - Black | B85: Stationery | C85: Fine Tip | D85: 32.99 | G85: Office Supplies | H85: Pack of 36
A86: Dry Erase Markers - Black | B86: Stationery | C86: Fine Tip | D86: 21.99 | G86: Office Supplies | H86: Pack of 12
A87: Dry Erase Markers - Assorted Color | B87: Stationery | C87: Fine Tip | D87: 7.49 | G87: Office Supplies | H87: Pack of 4
A88: Spiral Notebooks | B88: Stationery | C88: A5, 100 pages | D88: 2.5 | G88: Office Supplies | H88: Each
A89: File Folders | B89: Stationery | C89: A4 Size | D89: 10 | G89: Office Supplies | H89: Pack of 10
A90: File Dividers | B90: Stationery | C90: 5-tab set | D90: 3 | G90: Office Supplies | H90: Set
A91: Binder Clips S | B91: Stationery | C91: Small 3/4" | D91: 3.47 | G91: Office Supplies | H91: Pack of 48
A92: Stapler | B92: Stationery | C92: Standard size | D92: 9 | G92: Office Supplies | H92: Each
A93: Northwind Copy Paper | B93: Stationery | C93: 24/6 | G93: Office Supplies | H93: Box of 1000
A94: Paper Clips | B94: Stationery | C94: 33 mm | D94: 1.5 | G94: Office Supplies | H94: Box of 100
A95: Scissors | B95: Stationery | C95: 8 inch | D95: 6 | G95: Office Supplies | H95: Each
A96: Tape Dispenser | B96: Stationery | C96: Standard desktop | D96: 8 | G96: Office Supplies | H96: Each
A97: Packing Tape | B97: Stationery | C97: 2 inch x 50 m | D97: 4 | G97: Office Supplies | H97: Roll
A98: Bubble Wrap | B98: Stationery | C98: 1 m width | D98: 1 | G98: Office Supplies | H98: Meter
A99: Printer Toner | B99: Office Supplies | C99: HP 12A compatible | D99: 95 | G99: Office Supplies | H99: Cartridge
A100: Ink Cartridge | B100: Office Supplies | C100: HP 803 or similar | D100: 55 | G100: Office Supplies | H100: Cartridge
A101: Desk Calendar | B101: Office Supplies | C101: Monthly format | D101: 5 | G101: Office Supplies | H101: Each
...

Sheet Staff Directory
A1: STAFF DIRECTORY
A2: INPUT. Source of truth for staff-linked lookups. Staff ID must be unique.
A4: Staff ID | B4: Staff Name | C4: Role | D4: Area | E4: Email | F4: Contact | G4: Address
A5: =IF($C5="","",$C5&"-"&TEXT(COUNTIF($C$5:$C5,$C5),"000")&"-"&IF($D5="","TBD",$D5)) -> RN-001-A1 | B5: Lastname001, Firstname001 | C5: RN | D5: A1 | E5: =IF($B5="","",IFERROR(LOWER(SUBSTITUTE(TRIM(MID($B5,FIND(",",$B5)+1,255))," ",".")&"."&SUBSTITUTE(TRIM(LEFT($B5,FIND(",",$B5)-1))," ","."))&"@example.com","")) -> firstname001.lastname001@example.com
A6: =IF($C6="","",$C6&"-"&TEXT(COUNTIF($C$5:$C6,$C6),"000")&"-"&IF($D6="","TBD",$D6)) -> RN-002-A1 | B6: Lastname002, Firstname002 | C6: RN | D6: A1 | E6: =IF($B6="","",IFERROR(LOWER(SUBSTITUTE(TRIM(MID($B6,FIND(",",$B6)+1,255))," ",".")&"."&SUBSTITUTE(TRIM(LEFT($B6,FIND(",",$B6)-1))," ","."))&"@example.com","")) -> firstname002.lastname002@example.com
A7: =IF($C7="","",$C7&"-"&TEXT(COUNTIF($C$5:$C7,$C7),"000")&"-"&IF($D7="","TBD",$D7)) -> RN-003-A1 | B7: Lastname003, Firstname003 | C7: RN | D7: A1 | E7: =IF($B7="","",IFERROR(LOWER(SUBSTITUTE(TRIM(MID($B7,FIND(",",$B7)+1,255))," ",".")&"."&SUBSTITUTE(TRIM(LEFT($B7,FIND(",",$B7)-1))," ","."))&"@example.com","")) -> firstname003.lastname003@example.com
A8: =IF($C8="","",$C8&"-"&TEXT(COUNTIF($C$5:$C8,$C8),"000")&"-"&IF($D8="","TBD",$D8)) -> RN-004-A2 | B8: Lastname004, Firstname004 | C8: RN | D8: A2 | E8: =IF($B8="","",IFERROR(LOWER(SUBSTITUTE(TRIM(MID($B8,FIND(",",$B8)+1,255))," ",".")&"."&SUBSTITUTE(TRIM(LEFT($B8,FIND(",",$B8)-1))," ","."))&"@example.com","")) -> firstname004.lastname004@example.com
A9: =IF($C9="","",$C9&"-"&TEXT(COUNTIF($C$5:$C9,$C9),"000")&"-"&IF($D9="","TBD",$D9)) -> RN-005-A1 | B9: Lastname005, Firstname005 | C9: RN | D9: A1 | E9: =IF($B9="","",IFERROR(LOWER(SUBSTITUTE(TRIM(MID($B9,FIND(",",$B9)+1,255))," ",".")&"."&SUBSTITUTE(TRIM(LEFT($B9,FIND(",",$B9)-1))," ","."))&"@example.com","")) -> firstname005.lastname005@example.com
A10: =IF($C10="","",$C10&"-"&TEXT(COUNTIF($C$5:$C10,$C10),"000")&"-"&IF($D10="","TBD",$D10)) -> RN-006-A1 | B10: Lastname006, Firstname006 | C10: RN | D10: A1 | E10: =IF($B10="","",IFERROR(LOWER(SUBSTITUTE(TRIM(MID($B10,FIND(",",$B10)+1,255))," ",".")&"."&SUBSTITUTE(TRIM(LEFT($B10,FIND(",",$B10)-1))," ","."))&"@example.com","")) -> firstname006.lastname006@example.com
A11: =IF($C11="","",$C11&"-"&TEXT(COUNTIF($C$5:$C11,$C11),"000")&"-"&IF($D11="","TBD",$D11)) -> RN-007-A1 | B11: Lastname007, Firstname007 | C11: RN | D11: A1 | E11: =IF($B11="","",IFERROR(LOWER(SUBSTITUTE(TRIM(MID($B11,FIND(",",$B11)+1,255))," ",".")&"."&SUBSTITUTE(TRIM(LEFT($B11,FIND(",",$B11)-1))," ","."))&"@example.com","")) -> firstname007.lastname007@example.com
A12: =IF($C12="","",$C12&"-"&TEXT(COUNTIF($C$5:$C12,$C12),"000")&"-"&IF($D12="","TBD",$D12)) -> RN-008-A1 | B12: Lastname008, Firstname008 | C12: RN | D12: A1 | E12: =IF($B12="","",IFERROR(LOWER(SUBSTITUTE(TRIM(MID($B12,FIND(",",$B12)+1,255))," ",".")&"."&SUBSTITUTE(TRIM(LEFT($B12,FIND(",",$B12)-1))," ","."))&"@example.com","")) -> firstname008.lastname008@example.com
A13: =IF($C13="","",$C13&"-"&TEXT(COUNTIF($C$5:$C13,$C13),"000")&"-"&IF($D13="","TBD",$D13)) -> RN-009-A2 | B13: Lastname009, Firstname009 | C13: RN | D13: A2 | E13: =IF($B13="","",IFERROR(LOWER(SUBSTITUTE(TRIM(MID($B13,FIND(",",$B13)+1,255))," ",".")&"."&SUBSTITUTE(TRIM(LEFT($B13,FIND(",",$B13)-1))," ","."))&"@example.com","")) -> firstname009.lastname009@example.com
A14: =IF($C14="","",$C14&"-"&TEXT(COUNTIF($C$5:$C14,$C14),"000")&"-"&IF($D14="","TBD",$D14)) -> RN-010-A2 | B14: Lastname010, Firstname010 | C14: RN | D14: A2 | E14: =IF($B14="","",IFERROR(LOWER(SUBSTITUTE(TRIM(MID($B14,FIND(",",$B14)+1,255))," ",".")&"."&SUBSTITUTE(TRIM(LEFT($B14,FIND(",",$B14)-1))," ","."))&"@example.com","")) -> firstname010.lastname010@example.com
A15: =IF($C15="","",$C15&"-"&TEXT(COUNTIF($C$5:$C15,$C15),"000")&"-"&IF($D15="","TBD",$D15)) -> RN-011-A2 | B15: Lastname011, Firstname011 | C15: RN | D15: A2 | E15: =IF($B15="","",IFERROR(LOWER(SUBSTITUTE(TRIM(MID($B15,FIND(",",$B15)+1,255))," ",".")&"."&SUBSTITUTE(TRIM(LEFT($B15,FIND(",",$B15)-1))," ","."))&"@example.com","")) -> firstname011.lastname011@example.com
A16: =IF($C16="","",$C16&"-"&TEXT(COUNTIF($C$5:$C16,$C16),"000")&"-"&IF($D16="","TBD",$D16)) -> RPN-001-A1 | B16: Lastname012, Firstname012 | C16: RPN | D16: A1 | E16: =IF($B16="","",IFERROR(LOWER(SUBSTITUTE(TRIM(MID($B16,FIND(",",$B16)+1,255))," ",".")&"."&SUBSTITUTE(TRIM(LEFT($B16,FIND(",",$B16)-1))," ","."))&"@example.com","")) -> firstname012.lastname012@example.com
... A58: =IF($C58="","",$C58&"-"&TEXT(COUNTIF($C$5:$C58,$C58),"000")&"-"&IF($D58="","TBD",$D58)) -> OEE-001-A3 | B58: Lastname054, Firstname054 | C58: OEE | D58: A3 | E58: =IF($B58="","",IFERROR(LOWER(SUBSTITUTE(TRIM(MID($B58,FIND(",",$B58)+1,255))," ",".")&"."&SUBSTITUTE(TRIM(LEFT($B58,FIND(",",$B58)-1))," ","."))&"@example.com","")) -> firstname054.lastname054@example.com
A59: =IF($C59="","",$C59&"-"&TEXT(COUNTIF($C$5:$C59,$C59),"000")&"-"&IF($D59="","TBD",$D59)) -> RN-047-TBD | B59: Lastname055, Firstname055 | C59: RN | E59: =IF($B59="","",IFERROR(LOWER(SUBSTITUTE(TRIM(MID($B59,FIND(",",$B59)+1,255))," ",".")&"."&SUBSTITUTE(TRIM(LEFT($B59,FIND(",",$B59)-1))," ","."))&"@example.com","")) -> firstname055.lastname055@example.com
A60: =IF($C60="","",$C60&"-"&TEXT(COUNTIF($C$5:$C60,$C60),"000")&"-"&IF($D60="","TBD",$D60)) -> RN-048-A1 | B60: Lastname056, Firstname056 | C60: RN | D60: A1 | E60: =IF($B60="","",IFERROR(LOWER(SUBSTITUTE(TRIM(MID($B60,FIND(",",$B60)+1,255))," ",".")&"."&SUBSTITUTE(TRIM(LEFT($B60,FIND(",",$B60)-1))," ","."))&"@example.com","")) -> firstname056.lastname056@example.com
A61: =IF($C61="","",$C61&"-"&TEXT(COUNTIF($C$5:$C61,$C61),"000")&"-"&IF($D61="","TBD",$D61)) -> ADMN CO-001-TBD | B61: Lastname057, Firstname057 | C61: ADMN CO | E61: =IF($B61="","",IFERROR(LOWER(SUBSTITUTE(TRIM(MID($B61,FIND(",",$B61)+1,255))," ",".")&"."&SUBSTITUTE(TRIM(LEFT($B61,FIND(",",$B61)-1))," ","."))&"@example.com","")) -> firstname057.lastname057@example.com
A62: =IF($C62="","",$C62&"-"&TEXT(COUNTIF($C$5:$C62,$C62),"000")&"-"&IF($D62="","TBD",$D62)) -> RN-049-A1 | B62: Lastname058, Firstname058 | C62: RN | D62: A1 | E62: =IF($B62="","",IFERROR(LOWER(SUBSTITUTE(TRIM(MID($B62,FIND(",",$B62)+1,255))," ",".")&"."&SUBSTITUTE(TRIM(LEFT($B62,FIND(",",$B62)-1))," ","."))&"@example.com","")) -> firstname058.lastname058@example.com
A63: =IF($C63="","",$C63&"-"&TEXT(COUNTIF($C$5:$C63,$C63),"000")&"-"&IF($D63="","TBD",$D63)) -> RN-050-A1 | B63: Lastname059, Firstname059 | C63: RN | D63: A1 | E63: =IF($B63="","",IFERROR(LOWER(SUBSTITUTE(TRIM(MID($B63,FIND(",",$B63)+1,255))," ",".")&"."&SUBSTITUTE(TRIM(LEFT($B63,FIND(",",$B63)-1))," ","."))&"@example.com","")) -> firstname059.lastname059@example.com
A64: =IF($C64="","",$C64&"-"&TEXT(COUNTIF($C$5:$C64,$C64),"000")&"-"&IF($D64="","TBD",$D64)) -> RN-051-A2 | B64: Lastname060, Firstname060 | C64: RN | D64: A2 | E64: =IF($B64="","",IFERROR(LOWER(SUBSTITUTE(TRIM(MID($B64,FIND(",",$B64)+1,255))," ",".")&"."&SUBSTITUTE(TRIM(LEFT($B64,FIND(",",$B64)-1))," ","."))&"@example.com","")) -> firstname060.lastname060@example.com
A65: =IF($C65="","",$C65&"-"&TEXT(COUNTIF($C$5:$C65,$C65),"000")&"-"&IF($D65="","TBD",$D65)) -> PSW-001-A4 | B65: Lastname061, Firstname061 | C65: PSW | D65: A4 | E65: =IF($B65="","",IFERROR(LOWER(SUBSTITUTE(TRIM(MID($B65,FIND(",",$B65)+1,255))," ",".")&"."&SUBSTITUTE(TRIM(LEFT($B65,FIND(",",$B65)-1))," ","."))&"@example.com","")) -> firstname061.lastname061@example.com
A66: =IF($C66="","",$C66&"-"&TEXT(COUNTIF($C$5:$C66,$C66),"000")&"-"&IF($D66="","TBD",$D66)) -> PSW-002-A4 | B66: Lastname062, Firstname062 | C66: PSW | D66: A4 | E66: =IF($B66="","",IFERROR(LOWER(SUBSTITUTE(TRIM(MID($B66,FIND(",",$B66)+1,255))," ",".")&"."&SUBSTITUTE(TRIM(LEFT($B66,FIND(",",$B66)-1))," ","."))&"@example.com","")) -> firstname062.lastname062@example.com
A67: =IF($C67="","",$C67&"-"&TEXT(COUNTIF($C$5:$C67,$C67),"000")&"-"&IF($D67="","TBD",$D67)) -> PSW-003-A4 | B67: Lastname063, Firstname063 | C67: PSW | D67: A4 | E67: =IF($B67="","",IFERROR(LOWER(SUBSTITUTE(TRIM(MID($B67,FIND(",",$B67)+1,255))," ",".")&"."&SUBSTITUTE(TRIM(LEFT($B67,FIND(",",$B67)-1))," ","."))&"@example.com","")) -> firstname063.lastname063@example.com
A68: =IF($C68="","",$C68&"-"&TEXT(COUNTIF($C$5:$C68,$C68),"000")&"-"&IF($D68="","TBD",$D68)) -> PSW-004-A4 | B68: Lastname064, Firstname064 | C68: PSW | D68: A4 | E68: =IF($B68="","",IFERROR(LOWER(SUBSTITUTE(TRIM(MID($B68,FIND(",",$B68)+1,255))," ",".")&"."&SUBSTITUTE(TRIM(LEFT($B68,FIND(",",$B68)-1))," ","."))&"@example.com","")) -> firstname064.lastname064@example.com
A69: =IF($C69="","",$C69&"-"&TEXT(COUNTIF($C$5:$C69,$C69),"000")&"-"&IF($D69="","TBD",$D69)) -> PSW-005-A5 | B69: Lastname065, Firstname065 | C69: PSW | D69: A5 | E69: =IF($B69="","",IFERROR(LOWER(SUBSTITUTE(TRIM(MID($B69,FIND(",",$B69)+1,255))," ",".")&"."&SUBSTITUTE(TRIM(LEFT($B69,FIND(",",$B69)-1))," ","."))&"@example.com","")) -> firstname065.lastname065@example.com
A70: =IF($C70="","",$C70&"-"&TEXT(COUNTIF($C$5:$C70,$C70),"000")&"-"&IF($D70="","TBD",$D70)) -> PSW-006-A6 | B70: Lastname066, Firstname066 | C70: PSW | D70: A6 | E70: =IF($B70="","",IFERROR(LOWER(SUBSTITUTE(TRIM(MID($B70,FIND(",",$B70)+1,255))," ",".")&"."&SUBSTITUTE(TRIM(LEFT($B70,FIND(",",$B70)-1))," ","."))&"@example.com","")) -> firstname066.lastname066@example.com
A71: =IF($C71="","",$C71&"-"&TEXT(COUNTIF($C$5:$C71,$C71),"000")&"-"&IF($D71="","TBD",$D71)) -> PSW-007-A5 | B71: Lastname067, Firstname067 | C71: PSW | D71: A5 | E71: =IF($B71="","",IFERROR(LOWER(SUBSTITUTE(TRIM(MID($B71,FIND(",",$B71)+1,255))," ",".")&"."&SUBSTITUTE(TRIM(LEFT($B71,FIND(",",$B71)-1))," ","."))&"@example.com","")) -> firstname067.lastname067@example.com
A72: =IF($C72="","",$C72&"-"&TEXT(COUNTIF($C$5:$C72,$C72),"000")&"-"&IF($D72="","TBD",$D72)) -> PSW-008-A6 | B72: Lastname068, Firstname068 | C72: PSW | D72: A6 | E72: =IF($B72="","",IFERROR(LOWER(SUBSTITUTE(TRIM(MID($B72,FIND(",",$B72)+1,255))," ",".")&"."&SUBSTITUTE(TRIM(LEFT($B72,FIND(",",$B72)-1))," ","."))&"@example.com","")) -> firstname068.lastname068@example.com
A73: =IF($C73="","",$C73&"-"&TEXT(COUNTIF($C$5:$C73,$C73),"000")&"-"&IF($D73="","TBD",$D73)) -> PSW-009-A5 | B73: Lastname069, Firstname069 | C73: PSW | D73: A5 | E73: =IF($B73="","",IFERROR(LOWER(SUBSTITUTE(TRIM(MID($B73,FIND(",",$B73)+1,255))," ",".")&"."&SUBSTITUTE(TRIM(LEFT($B73,FIND(",",$B73)-1))," ","."))&"@example.com","")) -> firstname069.lastname069@example.com
... A135: =IF($C135="","",$C135&"-"&TEXT(COUNTIF($C$5:$C135,$C135),"000")&"-"&IF($D135="","TBD",$D135)) -> PSW-070-A6 | B135: Lastname130, Firstname130 | C135: PSW | D135: A6 | E135: =IF($B135="","",IFERROR(LOWER(SUBSTITUTE(TRIM(MID($B135,FIND(",",$B135)+1,255))," ",".")&"."&SUBSTITUTE(TRIM(LEFT($B135,FIND(",",$B135)-1))," ","."))&"@example.com","")) -> firstname130.lastname130@example.com
A136: =IF($C136="","",$C136&"-"&TEXT(COUNTIF($C$5:$C136,$C136),"000")&"-"&IF($D136="","TBD",$D136)) -> PSW-071-TBD | B136: Lastname131, Firstname131 | C136: PSW | E136: =IF($B136="","",IFERROR(LOWER(SUBSTITUTE(TRIM(MID($B136,FIND(",",$B136)+1,255))," ",".")&"."&SUBSTITUTE(TRIM(LEFT($B136,FIND(",",$B136)-1))," ","."))&"@example.com","")) -> firstname131.lastname131@example.com
A137: =IF($C137="","",$C137&"-"&TEXT(COUNTIF($C$5:$C137,$C137),"000")&"-"&IF($D137="","TBD",$D137)) -> PSW-072-A5 | B137: Lastname132, Firstname132 | C137: PSW | D137: A5 | E137: =IF($B137="","",IFERROR(LOWER(SUBSTITUTE(TRIM(MID($B137,FIND(",",$B137)+1,255))," ",".")&"."&SUBSTITUTE(TRIM(LEFT($B137,FIND(",",$B137)-1))," ","."))&"@example.com","")) -> firstname132.lastname132@example.com
A138: =IF($C138="","",$C138&"-"&TEXT(COUNTIF($C$5:$C138,$C138),"000")&"-"&IF($D138="","TBD",$D138)) -> PSW-073-A5 | B138: Lastname133, Firstname133 | C138: PSW | D138: A5 | E138: =IF($B138="","",IFERROR(LOWER(SUBSTITUTE(TRIM(MID($B138,FIND(",",$B138)+1,255))," ",".")&"."&SUBSTITUTE(TRIM(LEFT($B138,FIND(",",$B138)-1))," ","."))&"@example.com","")) -> firstname133.lastname133@example.com
A139: =IF($C139="","",$C139&"-"&TEXT(COUNTIF($C$5:$C139,$C139),"000")&"-"&IF($D139="","TBD",$D139)) -> PSW-074-A5 | B139: Lastname134, Firstname134 | C139: PSW | D139: A5 | E139: =IF($B139="","",IFERROR(LOWER(SUBSTITUTE(TRIM(MID($B139,FIND(",",$B139)+1,255))," ",".")&"."&SUBSTITUTE(TRIM(LEFT($B139,FIND(",",$B139)-1))," ","."))&"@example.com","")) -> firstname134.lastname134@example.com
A140: =IF($C140="","",$C140&"-"&TEXT(COUNTIF($C$5:$C140,$C140),"000")&"-"&IF($D140="","TBD",$D140)) -> PSW-075-A7 | B140: Lastname135, Firstname135 | C140: PSW | D140: A7 | E140: =IF($B140="","",IFERROR(LOWER(SUBSTITUTE(TRIM(MID($B140,FIND(",",$B140)+1,255))," ",".")&"."&SUBSTITUTE(TRIM(LEFT($B140,FIND(",",$B140)-1))," ","."))&"@example.com","")) -> firstname135.lastname135@example.com
A141: =IF($C141="","",$C141&"-"&TEXT(COUNTIF($C$5:$C141,$C141),"000")&"-"&IF($D141="","TBD",$D141)) -> PSW-076-A5 | B141: Lastname136, Firstname136 | C141: PSW | D141: A5 | E141: =IF($B141="","",IFERROR(LOWER(SUBSTITUTE(TRIM(MID($B141,FIND(",",$B141)+1,255))," ",".")&"."&SUBSTITUTE(TRIM(LEFT($B141,FIND(",",$B141)-1))," ","."))&"@example.com","")) -> firstname136.lastname136@example.com
A142: =IF($C142="","",$C142&"-"&TEXT(COUNTIF($C$5:$C142,$C142),"000")&"-"&IF($D142="","TBD",$D142)) -> PSW-077-A7 | B142: Lastname137, Firstname137 | C142: PSW | D142: A7 | E142: =IF($B142="","",IFERROR(LOWER(SUBSTITUTE(TRIM(MID($B142,FIND(",",$B142)+1,255))," ",".")&"."&SUBSTITUTE(TRIM(LEFT($B142,FIND(",",$B142)-1))," ","."))&"@example.com","")) -> firstname137.lastname137@example.com
A143: =IF($C143="","",$C143&"-"&TEXT(COUNTIF($C$5:$C143,$C143),"000")&"-"&IF($D143="","TBD",$D143)) -> PSW-078-A4 | B143: Lastname138, Firstname138 | C143: PSW | D143: A4 | E143: =IF($B143="","",IFERROR(LOWER(SUBSTITUTE(TRIM(MID($B143,FIND(",",$B143)+1,255))," ",".")&"."&SUBSTITUTE(TRIM(LEFT($B143,FIND(",",$B143)-1))," ","."))&"@example.com","")) -> firstname138.lastname138@example.com
A144: =IF($C144="","",$C144&"-"&TEXT(COUNTIF($C$5:$C144,$C144),"000")&"-"&IF($D144="","TBD",$D144)) -> PSW-079-A5 | B144: Lastname139, Firstname139 | C144: PSW | D144: A5 | E144: =IF($B144="","",IFERROR(LOWER(SUBSTITUTE(TRIM(MID($B144,FIND(",",$B144)+1,255))," ",".")&"."&SUBSTITUTE(TRIM(LEFT($B144,FIND(",",$B144)-1))," ","."))&"@example.com","")) -> firstname139.lastname139@example.com
A145: =IF($C145="","",$C145&"-"&TEXT(COUNTIF($C$5:$C145,$C145),"000")&"-"&IF($D145="","TBD",$D145)) -> PSW-080-A5 | B145: Lastname140, Firstname140 | C145: PSW | D145: A5 | E145: =IF($B145="","",IFERROR(LOWER(SUBSTITUTE(TRIM(MID($B145,FIND(",",$B145)+1,255))," ",".")&"."&SUBSTITUTE(TRIM(LEFT($B145,FIND(",",$B145)-1))," ","."))&"@example.com","")) -> firstname140.lastname140@example.com
A146: =IF($C146="","",$C146&"-"&TEXT(COUNTIF($C$5:$C146,$C146),"000")&"-"&IF($D146="","TBD",$D146)) -> PSW-081-A6 | B146: Lastname141, Firstname141 | C146: PSW | D146: A6 | E146: =IF($B146="","",IFERROR(LOWER(SUBSTITUTE(TRIM(MID($B146,FIND(",",$B146)+1,255))," ",".")&"."&SUBSTITUTE(TRIM(LEFT($B146,FIND(",",$B146)-1))," ","."))&"@example.com","")) -> firstname141.lastname141@example.com
A147: =IF($C147="","",$C147&"-"&TEXT(COUNTIF($C$5:$C147,$C147),"000")&"-"&IF($D147="","TBD",$D147)) -> PSW-082-A5 | B147: Lastname142, Firstname142 | C147: PSW | D147: A5 | E147: =IF($B147="","",IFERROR(LOWER(SUBSTITUTE(TRIM(MID($B147,FIND(",",$B147)+1,255))," ",".")&"."&SUBSTITUTE(TRIM(LEFT($B147,FIND(",",$B147)-1))," ","."))&"@example.com","")) -> firstname142.lastname142@example.com
A148: =IF($C148="","",$C148&"-"&TEXT(COUNTIF($C$5:$C148,$C148),"000")&"-"&IF($D148="","TBD",$D148)) -> PSW-083-A6 | B148: Lastname143, Firstname143 | C148: PSW | D148: A6 | E148: =IF($B148="","",IFERROR(LOWER(SUBSTITUTE(TRIM(MID($B148,FIND(",",$B148)+1,255))," ",".")&"."&SUBSTITUTE(TRIM(LEFT($B148,FIND(",",$B148)-1))," ","."))&"@example.com","")) -> firstname143.lastname143@example.com
... A159: =IF($C159="","",$C159&"-"&TEXT(COUNTIF($C$5:$C159,$C159),"000")&"-"&IF($D159="","TBD",$D159)) -> PSW-092-A4 | B159: Lastname154, Firstname154 | C159: PSW | D159: A4 | E159: =IF($B159="","",IFERROR(LOWER(SUBSTITUTE(TRIM(MID($B159,FIND(",",$B159)+1,255))," ",".")&"."&SUBSTITUTE(TRIM(LEFT($B159,FIND(",",$B159)-1))," ","."))&"@example.com","")) -> firstname154.lastname154@example.com
A160: =IF($C160="","",$C160&"-"&TEXT(COUNTIF($C$5:$C160,$C160),"000")&"-"&IF($D160="","TBD",$D160)) -> PSW-093-TBD | B160: Lastname155, Firstname155 | C160: PSW | E160: =IF($B160="","",IFERROR(LOWER(SUBSTITUTE(TRIM(MID($B160,FIND(",",$B160)+1,255))," ",".")&"."&SUBSTITUTE(TRIM(LEFT($B160,FIND(",",$B160)-1))," ","."))&"@example.com","")) -> firstname155.lastname155@example.com
A161: =IF($C161="","",$C161&"-"&TEXT(COUNTIF($C$5:$C161,$C161),"000")&"-"&IF($D161="","TBD",$D161)) -> PSW-094-A6 | B161: Lastname156, Firstname156 | C161: PSW | D161: A6 | E161: =IF($B161="","",IFERROR(LOWER(SUBSTITUTE(TRIM(MID($B161,FIND(",",$B161)+1,255))," ",".")&"."&SUBSTITUTE(TRIM(LEFT($B161,FIND(",",$B161)-1))," ","."))&"@example.com","")) -> firstname156.lastname156@example.com
A162: =IF($C162="","",$C162&"-"&TEXT(COUNTIF($C$5:$C162,$C162),"000")&"-"&IF($D162="","TBD",$D162)) -> PSW-095-A5 | B162: Lastname157, Firstname157 | C162: PSW | D162: A5 | E162: =IF($B162="","",IFERROR(LOWER(SUBSTITUTE(TRIM(MID($B162,FIND(",",$B162)+1,255))," ",".")&"."&SUBSTITUTE(TRIM(LEFT($B162,FIND(",",$B162)-1))," ","."))&"@example.com","")) -> firstname157.lastname157@example.com
A163: =IF($C163="","",$C163&"-"&TEXT(COUNTIF($C$5:$C163,$C163),"000")&"-"&IF($D163="","TBD",$D163)) -> PSW-096-A5 | B163: Lastname158, Firstname158 | C163: PSW | D163: A5 | E163: =IF($B163="","",IFERROR(LOWER(SUBSTITUTE(TRIM(MID($B163,FIND(",",$B163)+1,255))," ",".")&"."&SUBSTITUTE(TRIM(LEFT($B163,FIND(",",$B163)-1))," ","."))&"@example.com","")) -> firstname158.lastname158@example.com
A164: =IF($C164="","",$C164&"-"&TEXT(COUNTIF($C$5:$C164,$C164),"000")&"-"&IF($D164="","TBD",$D164)) -> PSW-097-A6 | B164: Lastname159, Firstname159 | C164: PSW | D164: A6 | E164: =IF($B164="","",IFERROR(LOWER(SUBSTITUTE(TRIM(MID($B164,FIND(",",$B164)+1,255))," ",".")&"."&SUBSTITUTE(TRIM(LEFT($B164,FIND(",",$B164)-1))," ","."))&"@example.com","")) -> firstname159.lastname159@example.com
A165: =IF($C165="","",$C165&"-"&TEXT(COUNTIF($C$5:$C165,$C165),"000")&"-"&IF($D165="","TBD",$D165)) -> PSW-098-A4 | B165: Lastname160, Firstname160 | C165: PSW | D165: A4 | E165: =IF($B165="","",IFERROR(LOWER(SUBSTITUTE(TRIM(MID($B165,FIND(",",$B165)+1,255))," ",".")&"."&SUBSTITUTE(TRIM(LEFT($B165,FIND(",",$B165)-1))," ","."))&"@example.com","")) -> firstname160.lastname160@example.com
A166: =IF($C166="","",$C166&"-"&TEXT(COUNTIF($C$5:$C166,$C166),"000")&"-"&IF($D166="","TBD",$D166)) -> PSW-099-A6 | B166: Lastname161, Firstname161 | C166: PSW | D166: A6 | E166: =IF($B166="","",IFERROR(LOWER(SUBSTITUTE(TRIM(MID($B166,FIND(",",$B166)+1,255))," ",".")&"."&SUBSTITUTE(TRIM(LEFT($B166,FIND(",",$B166)-1))," ","."))&"@example.com","")) -> firstname161.lastname161@example.com
A167: =IF($C167="","",$C167&"-"&TEXT(COUNTIF($C$5:$C167,$C167),"000")&"-"&IF($D167="","TBD",$D167)) -> PSW-100-A6 | B167: Lastname162, Firstname162 | C167: PSW | D167: A6 | E167: =IF($B167="","",IFERROR(LOWER(SUBSTITUTE(TRIM(MID($B167,FIND(",",$B167)+1,255))," ",".")&"."&SUBSTITUTE(TRIM(LEFT($B167,FIND(",",$B167)-1))," ","."))&"@example.com","")) -> firstname162.lastname162@example.com
A168: =IF($C168="","",$C168&"-"&TEXT(COUNTIF($C$5:$C168,$C168),"000")&"-"&IF($D168="","TBD",$D168)) -> PSW-101-A5 | B168: Lastname163, Firstname163 | C168: PSW | D168: A5 | E168: =IF($B168="","",IFERROR(LOWER(SUBSTITUTE(TRIM(MID($B168,FIND(",",$B168)+1,255))," ",".")&"."&SUBSTITUTE(TRIM(LEFT($B168,FIND(",",$B168)-1))," ","."))&"@example.com","")) -> firstname163.lastname163@example.com
A169: =IF($C169="","",$C169&"-"&TEXT(COUNTIF($C$5:$C169,$C169),"000")&"-"&IF($D169="","TBD",$D169)) -> PSW-102-A6 | B169: Lastname164, Firstname164 | C169: PSW | D169: A6 | E169: =IF($B169="","",IFERROR(LOWER(SUBSTITUTE(TRIM(MID($B169,FIND(",",$B169)+1,255))," ",".")&"."&SUBSTITUTE(TRIM(LEFT($B169,FIND(",",$B169)-1))," ","."))&"@example.com","")) -> firstname164.lastname164@example.com
A170: =IF($C170="","",$C170&"-"&TEXT(COUNTIF($C$5:$C170,$C170),"000")&"-"&IF($D170="","TBD",$D170)) -> PSW-103-A4 | B170: Lastname165, Firstname165 | C170: PSW | D170: A4 | E170: =IF($B170="","",IFERROR(LOWER(SUBSTITUTE(TRIM(MID($B170,FIND(",",$B170)+1,255))," ",".")&"."&SUBSTITUTE(TRIM(LEFT($B170,FIND(",",$B170)-1))," ","."))&"@example.com","")) -> firstname165.lastname165@example.com
A171: =IF($C171="","",$C171&"-"&TEXT(COUNTIF($C$5:$C171,$C171),"000")&"-"&IF($D171="","TBD",$D171)) -> PSW-104-A6 | B171: Lastname166, Firstname166 | C171: PSW | D171: A6 | E171: =IF($B171="","",IFERROR(LOWER(SUBSTITUTE(TRIM(MID($B171,FIND(",",$B171)+1,255))," ",".")&"."&SUBSTITUTE(TRIM(LEFT($B171,FIND(",",$B171)-1))," ","."))&"@example.com","")) -> firstname166.lastname166@example.com
A172: =IF($C172="","",$C172&"-"&TEXT(COUNTIF($C$5:$C172,$C172),"000")&"-"&IF($D172="","TBD",$D172)) -> PSW-105-A5 | B172: Lastname167, Firstname167 | C172: PSW | D172: A5 | E172: =IF($B172="","",IFERROR(LOWER(SUBSTITUTE(TRIM(MID($B172,FIND(",",$B172)+1,255))," ",".")&"."&SUBSTITUTE(TRIM(LEFT($B172,FIND(",",$B172)-1))," ","."))&"@example.com","")) -> firstname167.lastname167@example.com
... A239: =IF($C239="","",$C239&"-"&TEXT(COUNTIF($C$5:$C239,$C239),"000")&"-"&IF($D239="","TBD",$D239)) -> PSW-171-A4 | B239: Lastname234, Firstname234 | C239: PSW | D239: A4 | E239: =IF($B239="","",IFERROR(LOWER(SUBSTITUTE(TRIM(MID($B239,FIND(",",$B239)+1,255))," ",".")&"."&SUBSTITUTE(TRIM(LEFT($B239,FIND(",",$B239)-1))," ","."))&"@example.com","")) -> firstname234.lastname234@example.com
A240: =IF($C240="","",$C240&"-"&TEXT(COUNTIF($C$5:$C240,$C240),"000")&"-"&IF($D240="","TBD",$D240)) -> PSW-172-TBD | B240: Lastname235, Firstname235 | C240: PSW | E240: =IF($B240="","",IFERROR(LOWER(SUBSTITUTE(TRIM(MID($B240,FIND(",",$B240)+1,255))," ",".")&"."&SUBSTITUTE(TRIM(LEFT($B240,FIND(",",$B240)-1))," ","."))&"@example.com","")) -> firstname235.lastname235@example.com
A241: =IF($C241="","",$C241&"-"&TEXT(COUNTIF($C$5:$C241,$C241),"000")&"-"&IF($D241="","TBD",$D241)) -> PSW-173-TBD | B241: Lastname236, Firstname236 | C241: PSW | E241: =IF($B241="","",IFERROR(LOWER(SUBSTITUTE(TRIM(MID($B241,FIND(",",$B241)+1,255))," ",".")&"."&SUBSTITUTE(TRIM(LEFT($B241,FIND(",",$B241)-1))," ","."))&"@example.com","")) -> firstname236.lastname236@example.com
A242: =IF($C242="","",$C242&"-"&TEXT(COUNTIF($C$5:$C242,$C242),"000")&"-"&IF($D242="","TBD",$D242)) -> PSW-174-TBD | B242: Lastname237, Firstname237 | C242: PSW | E242: =IF($B242="","",IFERROR(LOWER(SUBSTITUTE(TRIM(MID($B242,FIND(",",$B242)+1,255))," ",".")&"."&SUBSTITUTE(TRIM(LEFT($B242,FIND(",",$B242)-1))," ","."))&"@example.com","")) -> firstname237.lastname237@example.com
A243: =IF($C243="","",$C243&"-"&TEXT(COUNTIF($C$5:$C243,$C243),"000")&"-"&IF($D243="","TBD",$D243)) -> PSW-175-TBD | B243: Lastname238, Firstname238 | C243: PSW | E243: =IF($B243="","",IFERROR(LOWER(SUBSTITUTE(TRIM(MID($B243,FIND(",",$B243)+1,255))," ",".")&"."&SUBSTITUTE(TRIM(LEFT($B243,FIND(",",$B243)-1))," ","."))&"@example.com","")) -> firstname238.lastname238@example.com
A244: =IF($C244="","",$C244&"-"&TEXT(COUNTIF($C$5:$C244,$C244),"000")&"-"&IF($D244="","TBD",$D244)) -> PSW-176-TBD | B244: Lastname239, Firstname239 | C244: PSW | E244: =IF($B244="","",IFERROR(LOWER(SUBSTITUTE(TRIM(MID($B244,FIND(",",$B244)+1,255))," ",".")&"."&SUBSTITUTE(TRIM(LEFT($B244,FIND(",",$B244)-1))," ","."))&"@example.com","")) -> firstname239.lastname239@example.com
A245: =IF($C245="","",$C245&"-"&TEXT(COUNTIF($C$5:$C245,$C245),"000")&"-"&IF($D245="","TBD",$D245)) -> PSW-177-TBD | B245: Lastname240, Firstname240 | C245: PSW | E245: =IF($B245="","",IFERROR(LOWER(SUBSTITUTE(TRIM(MID($B245,FIND(",",$B245)+1,255))," ",".")&"."&SUBSTITUTE(TRIM(LEFT($B245,FIND(",",$B245)-1))," ","."))&"@example.com","")) -> firstname240.lastname240@example.com
A246: =IF($C246="","",$C246&"-"&TEXT(COUNTIF($C$5:$C246,$C246),"000")&"-"&IF($D246="","TBD",$D246)) -> PSW-178-TBD | B246: Lastname241, Firstname241 | C246: PSW | E246: =IF($B246="","",IFERROR(LOWER(SUBSTITUTE(TRIM(MID($B246,FIND(",",$B246)+1,255))," ",".")&"."&SUBSTITUTE(TRIM(LEFT($B246,FIND(",",$B246)-1))," ","."))&"@example.com","")) -> firstname241.lastname241@example.com
A247: =IF($C247="","",$C247&"-"&TEXT(COUNTIF($C$5:$C247,$C247),"000")&"-"&IF($D247="","TBD",$D247)) -> PSW-179-TBD | B247: Lastname242, Firstname242 | C247: PSW | E247: =IF($B247="","",IFERROR(LOWER(SUBSTITUTE(TRIM(MID($B247,FIND(",",$B247)+1,255))," ",".")&"."&SUBSTITUTE(TRIM(LEFT($B247,FIND(",",$B247)-1))," ","."))&"@example.com","")) -> firstname242.lastname242@example.com
A248: =IF($C248="","",$C248&"-"&TEXT(COUNTIF($C$5:$C248,$C248),"000")&"-"&IF($D248="","TBD",$D248)) -> PSW-180-A6 | B248: Lastname243, Firstname243 | C248: PSW | D248: A6 | E248: =IF($B248="","",IFERROR(LOWER(SUBSTITUTE(TRIM(MID($B248,FIND(",",$B248)+1,255))," ",".")&"."&SUBSTITUTE(TRIM(LEFT($B248,FIND(",",$B248)-1))," ","."))&"@example.com","")) -> firstname243.lastname243@example.com
A249: =IF($C249="","",$C249&"-"&TEXT(COUNTIF($C$5:$C249,$C249),"000")&"-"&IF($D249="","TBD",$D249)) -> PSW-181-TBD | B249: Lastname244, Firstname244 | C249: PSW | E249: =IF($B249="","",IFERROR(LOWER(SUBSTITUTE(TRIM(MID($B249,FIND(",",$B249)+1,255))," ",".")&"."&SUBSTITUTE(TRIM(LEFT($B249,FIND(",",$B249)-1))," ","."))&"@example.com","")) -> firstname244.lastname244@example.com
A250: =IF($C250="","",$C250&"-"&TEXT(COUNTIF($C$5:$C250,$C250),"000")&"-"&IF($D250="","TBD",$D250)) -> PSW-182-A5 | B250: Lastname245, Firstname245 | C250: PSW | D250: A5 | E250: =IF($B250="","",IFERROR(LOWER(SUBSTITUTE(TRIM(MID($B250,FIND(",",$B250)+1,255))," ",".")&"."&SUBSTITUTE(TRIM(LEFT($B250,FIND(",",$B250)-1))," ","."))&"@example.com","")) -> firstname245.lastname245@example.com
A251: =IF($C251="","",$C251&"-"&TEXT(COUNTIF($C$5:$C251,$C251),"000")&"-"&IF($D251="","TBD",$D251)) -> PSW-183-TBD | B251: Lastname246, Firstname246 | C251: PSW | E251: =IF($B251="","",IFERROR(LOWER(SUBSTITUTE(TRIM(MID($B251,FIND(",",$B251)+1,255))," ",".")&"."&SUBSTITUTE(TRIM(LEFT($B251,FIND(",",$B251)-1))," ","."))&"@example.com","")) -> firstname246.lastname246@example.com
A252: =IF($C252="","",$C252&"-"&TEXT(COUNTIF($C$5:$C252,$C252),"000")&"-"&IF($D252="","TBD",$D252)) -> PSW-184-TBD | B252: Lastname247, Firstname247 | C252: PSW | E252: =IF($B252="","",IFERROR(LOWER(SUBSTITUTE(TRIM(MID($B252,FIND(",",$B252)+1,255))," ",".")&"."&SUBSTITUTE(TRIM(LEFT($B252,FIND(",",$B252)-1))," ","."))&"@example.com","")) -> firstname247.lastname247@example.com
A253: =IF($C253="","",$C253&"-"&TEXT(COUNTIF($C$5:$C253,$C253),"000")&"-"&IF($D253="","TBD",$D253)) -> PSW-185-TBD | B253: Lastname248, Firstname248 | C253: PSW | E253: =IF($B253="","",IFERROR(LOWER(SUBSTITUTE(TRIM(MID($B253,FIND(",",$B253)+1,255))," ",".")&"."&SUBSTITUTE(TRIM(LEFT($B253,FIND(",",$B253)-1))," ","."))&"@example.com","")) -> firstname248.lastname248@example.com
A254: =IF($C254="","",$C254&"-"&TEXT(COUNTIF($C$5:$C254,$C254),"000")&"-"&IF($D254="","TBD",$D254)) -> PSW-186-TBD | B254: Lastname249, Firstname249 | C254: PSW | E254: =IF($B254="","",IFERROR(LOWER(SUBSTITUTE(TRIM(MID($B254,FIND(",",$B254)+1,255))," ",".")&"."&SUBSTITUTE(TRIM(LEFT($B254,FIND(",",$B254)-1))," ","."))&"@example.com","")) -> firstname249.lastname249@example.com
A255: =IF($C255="","",$C255&"-"&TEXT(COUNTIF($C$5:$C255,$C255),"000")&"-"&IF($D255="","TBD",$D255)) -> PSW-187-TBD | B255: Lastname250, Firstname250 | C255: PSW | E255: =IF($B255="","",IFERROR(LOWER(SUBSTITUTE(TRIM(MID($B255,FIND(",",$B255)+1,255))," ",".")&"."&SUBSTITUTE(TRIM(LEFT($B255,FIND(",",$B255)-1))," ","."))&"@example.com","")) -> firstname250.lastname250@example.com
A256: =IF($C256="","",$C256&"-"&TEXT(COUNTIF($C$5:$C256,$C256),"000")&"-"&IF($D256="","TBD",$D256)) -> PSW-188-TBD | B256: Lastname251, Firstname251 | C256: PSW | E256: =IF($B256="","",IFERROR(LOWER(SUBSTITUTE(TRIM(MID($B256,FIND(",",$B256)+1,255))," ",".")&"."&SUBSTITUTE(TRIM(LEFT($B256,FIND(",",$B256)-1))," ","."))&"@example.com","")) -> firstname251.lastname251@example.com
A257: =IF($C257="","",$C257&"-"&TEXT(COUNTIF($C$5:$C257,$C257),"000")&"-"&IF($D257="","TBD",$D257)) -> PSW-189-TBD | B257: Lastname252, Firstname252 | C257: PSW | E257: =IF($B257="","",IFERROR(LOWER(SUBSTITUTE(TRIM(MID($B257,FIND(",",$B257)+1,255))," ",".")&"."&SUBSTITUTE(TRIM(LEFT($B257,FIND(",",$B257)-1))," ","."))&"@example.com","")) -> firstname252.lastname252@example.com
A258: =IF($C258="","",$C258&"-"&TEXT(COUNTIF($C$5:$C258,$C258),"000")&"-"&IF($D258="","TBD",$D258)) -> PSW-190-TBD | B258: Lastname253, Firstname253 | C258: PSW | E258: =IF($B258="","",IFERROR(LOWER(SUBSTITUTE(TRIM(MID($B258,FIND(",",$B258)+1,255))," ",".")&"."&SUBSTITUTE(TRIM(LEFT($B258,FIND(",",$B258)-1))," ","."))&"@example.com","")) -> firstname253.lastname253@example.com
A259: =IF($C259="","",$C259&"-"&TEXT(COUNTIF($C$5:$C259,$C259),"000")&"-"&IF($D259="","TBD",$D259)) -> PSW-191-TBD | B259: Lastname254, Firstname254 | C259: PSW | E259: =IF($B259="","",IFERROR(LOWER(SUBSTITUTE(TRIM(MID($B259,FIND(",",$B259)+1,255))," ",".")&"."&SUBSTITUTE(TRIM(LEFT($B259,FIND(",",$B259)-1))," ","."))&"@example.com","")) -> firstname254.lastname254@example.com
A260: =IF($C260="","",$C260&"-"&TEXT(COUNTIF($C$5:$C260,$C260),"000")&"-"&IF($D260="","TBD",$D260)) -> PSW-192-TBD | B260: Lastname255, Firstname255 | C260: PSW | E260: =IF($B260="","",IFERROR(LOWER(SUBSTITUTE(TRIM(MID($B260,FIND(",",$B260)+1,255))," ",".")&"."&SUBSTITUTE(TRIM(LEFT($B260,FIND(",",$B260)-1))," ","."))&"@example.com","")) -> firstname255.lastname255@example.com
A261: =IF($C261="","",$C261&"-"&TEXT(COUNTIF($C$5:$C261,$C261),"000")&"-"&IF($D261="","TBD",$D261)) -> PSW-193-TBD | B261: Lastname256, Firstname256 | C261: PSW | E261: =IF($B261="","",IFERROR(LOWER(SUBSTITUTE(TRIM(MID($B261,FIND(",",$B261)+1,255))," ",".")&"."&SUBSTITUTE(TRIM(LEFT($B261,FIND(",",$B261)-1))," ","."))&"@example.com","")) -> firstname256.lastname256@example.com
A262: =IF($C262="","",$C262&"-"&TEXT(COUNTIF($C$5:$C262,$C262),"000")&"-"&IF($D262="","TBD",$D262)) -> OEE-002-A3 | B262: Lastname257, Firstname257 | C262: OEE | D262: A3 | E262: =IF($B262="","",IFERROR(LOWER(SUBSTITUTE(TRIM(MID($B262,FIND(",",$B262)+1,255))," ",".")&"."&SUBSTITUTE(TRIM(LEFT($B262,FIND(",",$B262)-1))," ","."))&"@example.com","")) -> firstname257.lastname257@example.com
A263: =IF($C263="","",$C263&"-"&TEXT(COUNTIF($C$5:$C263,$C263),"000")&"-"&IF($D263="","TBD",$D263)) -> OEE-003-A3 | B263: Lastname258, Firstname258 | C263: OEE | D263: A3 | E263: =IF($B263="","",IFERROR(LOWER(SUBSTITUTE(TRIM(MID($B263,FIND(",",$B263)+1,255))," ",".")&"."&SUBSTITUTE(TRIM(LEFT($B263,FIND(",",$B263)-1))," ","."))&"@example.com","")) -> firstname258.lastname258@example.com
A264: =IF($C264="","",$C264&"-"&TEXT(COUNTIF($C$5:$C264,$C264),"000")&"-"&IF($D264="","TBD",$D264)) -> OEE-004-A3 | B264: Lastname259, Firstname259 | C264: OEE | D264: A3 | E264: =IF($B264="","",IFERROR(LOWER(SUBSTITUTE(TRIM(MID($B264,FIND(",",$B264)+1,255))," ",".")&"."&SUBSTITUTE(TRIM(LEFT($B264,FIND(",",$B264)-1))," ","."))&"@example.com","")) -> firstname259.lastname259@example.com
A265: =IF($C265="","",$C265&"-"&TEXT(COUNTIF($C$5:$C265,$C265),"000")&"-"&IF($D265="","TBD",$D265)) -> OEE-005-A3 | B265: Lastname260, Firstname260 | C265: OEE | D265: A3 | E265: =IF($B265="","",IFERROR(LOWER(SUBSTITUTE(TRIM(MID($B265,FIND(",",$B265)+1,255))," ",".")&"."&SUBSTITUTE(TRIM(LEFT($B265,FIND(",",$B265)-1))," ","."))&"@example.com","")) -> firstname260.lastname260@example.com
A266: =IF($C266="","",$C266&"-"&TEXT(COUNTIF($C$5:$C266,$C266),"000")&"-"&IF($D266="","TBD",$D266)) -> OEE-006-A3 | B266: Lastname261, Firstname261 | C266: OEE | D266: A3 | E266: =IF($B266="","",IFERROR(LOWER(SUBSTITUTE(TRIM(MID($B266,FIND(",",$B266)+1,255))," ",".")&"."&SUBSTITUTE(TRIM(LEFT($B266,FIND(",",$B266)-1))," ","."))&"@example.com","")) -> firstname261.lastname261@example.com
A267: =IF($C267="","",$C267&"-"&TEXT(COUNTIF($C$5:$C267,$C267),"000")&"-"&IF($D267="","TBD",$D267)) -> OEE-007-A3 | B267: Lastname262, Firstname262 | C267: OEE | D267: A3 | E267: =IF($B267="","",IFERROR(LOWER(SUBSTITUTE(TRIM(MID($B267,FIND(",",$B267)+1,255))," ",".")&"."&SUBSTITUTE(TRIM(LEFT($B267,FIND(",",$B267)-1))," ","."))&"@example.com","")) -> firstname262.lastname262@example.com
A268: =IF($C268="","",$C268&"-"&TEXT(COUNTIF($C$5:$C268,$C268),"000")&"-"&IF($D268="","TBD",$D268)) -> OEE-008-A3 | B268: Lastname263, Firstname263 | C268: OEE | D268: A3 | E268: =IF($B268="","",IFERROR(LOWER(SUBSTITUTE(TRIM(MID($B268,FIND(",",$B268)+1,255))," ",".")&"."&SUBSTITUTE(TRIM(LEFT($B268,FIND(",",$B268)-1))," ","."))&"@example.com","")) -> firstname263.lastname263@example.com
A269: =IF($C269="","",$C269&"-"&TEXT(COUNTIF($C$5:$C269,$C269),"000")&"-"&IF($D269="","TBD",$D269)) -> OEE-009-A3 | B269: Lastname264, Firstname264 | C269: OEE | D269: A3 | E269: =IF($B269="","",IFERROR(LOWER(SUBSTITUTE(TRIM(MID($B269,FIND(",",$B269)+1,255))," ",".")&"."&SUBSTITUTE(TRIM(LEFT($B269,FIND(",",$B269)-1))," ","."))&"@example.com","")) -> firstname264.lastname264@example.com
A270: =IF($C270="","",$C270&"-"&TEXT(COUNTIF($C$5:$C270,$C270),"000")&"-"&IF($D270="","TBD",$D270)) -> OEE-010-A3 | B270: Lastname265, Firstname265 | C270: OEE | D270: A3 | E270: =IF($B270="","",IFERROR(LOWER(SUBSTITUTE(TRIM(MID($B270,FIND(",",$B270)+1,255))," ",".")&"."&SUBSTITUTE(TRIM(LEFT($B270,FIND(",",$B270)-1))," ","."))&"@example.com","")) -> firstname265.lastname265@example.com

Sheet Vendors
A1: VENDOR REGISTER
A2: INPUT. Supply vendors and professional service vendors.
A4: Vendor Name | B4: Group | C4: Service Category | D4: Scope of Work | E4: Email | F4: Contact No | G4: Service Frequency | H4: Address
A5: Acme Medical Supply | B5: Supply | C5: Epinephrine Supply | D5: Epinephrine
A6: Global PPE Distributors | B6: Supply | C6: PPE Supplies | D6: Gloves, Mask, Gown, Coverall
A7: Northwind Office Supply | B7: Supply | C7: Minor PPE Supplies | D7: Hand Sanitizer, Disinfectant Wipes
A8: Admin Coordinator | B8: Supply | C8: Sample Org Charts | D8: Intake Files
A9: Internal Health & Safety | B9: Supply | C9: Ice Cleats | D9: Safety Gears
A10: Contoso Online Retail | B10: Supply | C10: Filing | D10: Folders
A11: Contoso Online Retail | B11: Supply | C11: Labels | D11: Top Sample Org Chart Label
A12: Contoso Online Retail | B12: Supply | C12: Labels | D12: Bottom Sample Org Chart Label
A13: Homecare Forms Co | B13: Supply | C13: Forms Supply | D13: DNR & EDITH
A14: Regional Supply Co | B14: Supply | C14: PPE Supplies | D14: Gloves, Mask, Gown, Coverall
A15: Alpha Facilities Services | B15: Pro Svc Vendor | C15: Handyman | D15: Wall Mounting, Furniture repair, TV mounting, Rack Anchoring
A16: Beta Locksmith Services | B16: Pro Svc Vendor | C16: Locksmith | D16: 3 Keypad locks and 5 deadbolt locks
A17: Clearwater Water Services | B17: Pro Svc Vendor | C17: Office Water Supply | D17: Drinking Water supply | G17: 30
A18: Delta Print Services | B18: Pro Svc Vendor | C18: Printer Maintenance | D18: Printer Services
A19: Secure Records Storage | B19: Pro Svc Vendor | C19: Record disposal & Storage | D19: Off site Shredding Services | G19: 30
A20: 0
A21: 0
A22: 0
A23: 0
A24: 0
A25: 0
A26: 0
A27: 0
A28: 0
A29: 0
A30: 0
A31: 0
... A100: 0

Sheet Holidays
A1: STATUTORY HOLIDAYS
A2: INPUT. Used by WORKDAY() so pickup and reissue dates never land on a holiday.
A4: Holiday | B4: Date | C4: Notes
A5: New Year's Day | B5: 45658
A6: Family Day (Ontario) | B6: 45705
A7: Good Friday | B7: 45765
A8: Easter Monday | B8: 45768
A9: Victoria Day | B9: 45796
A10: Canada Day | B10: 45839
A11: Civic Holiday (optional) | B11: 45873
A12: Labour Day | B12: 45901
A13: National Day for Truth and Reconciliation | B13: 45930
A14: Thanksgiving Day | B14: 45943
A15: Remembrance Day | B15: 45962
A16: Christmas Day | B16: 46016
A17: Boxing Day | B17: 46017

Sheet Receipts
A1: RECEIPTS · GOODS-IN LEDGER
A2: INPUT. One row per lot received. Yellow columns are typed; the rest calculate.
A4: Date Ordered | B4: Vendor Name | C4: Lot Number | D4: Item Name | E4: Item Type | F4: Size | G4: Qty Received | H4: Expiry Date | I4: Date Received | J4: Unit Rate | K4: Received Value
A5: 46112 | B5: Admin Coordinator | C5: N955003713 | D5: 1804 N95 Mask | E5: =IF($D5="","",IFERROR(INDEX(Items!$B$5:$B$597,MATCH($D5,Items!$A$5:$A$597,0)),"⚠ not in Items")) -> Masks | F5: =IF($D5="","",IFERROR(INDEX(Items!$C$5:$C$597,MATCH($D5,Items!$A$5:$A$597,0)),"")) -> One Size | G5: 40 | H5: 46235 | I5: 46113 | J5: =IF($D5="","",IFERROR(INDEX(Items!$D$5:$D$597,MATCH($D5,Items!$A$5:$A$597,0)),"")) -> 2.05 | K5: =IF(OR($G5="",$J5=""),"",$G5*$J5) -> 82
A6: 46112 | B6: Admin Coordinator | C6: N955003716 | D6: 1860 N95 Mask | E6: =IF($D6="","",IFERROR(INDEX(Items!$B$5:$B$597,MATCH($D6,Items!$A$5:$A$597,0)),"⚠ not in Items")) -> Masks | F6: =IF($D6="","",IFERROR(INDEX(Items!$C$5:$C$597,MATCH($D6,Items!$A$5:$A$597,0)),"")) -> One Size | G6: 10840 | H6: 46235 | I6: 46113 | J6: =IF($D6="","",IFERROR(INDEX(Items!$D$5:$D$597,MATCH($D6,Items!$A$5:$A$597,0)),"")) -> 2.05 | K6: =IF(OR($G6="",$J6=""),"",$G6*$J6) -> 22222
A7: 46112 | B7: Admin Coordinator | C7: N955003715 | D7: 1860S N95 Mask | E7: =IF($D7="","",IFERROR(INDEX(Items!$B$5:$B$597,MATCH($D7,Items!$A$5:$A$597,0)),"⚠ not in Items")) -> Masks | F7: =IF($D7="","",IFERROR(INDEX(Items!$C$5:$C$597,MATCH($D7,Items!$A$5:$A$597,0)),"")) -> One Size | G7: 9835 | H7: 46235 | I7: 46113 | J7: =IF($D7="","",IFERROR(INDEX(Items!$D$5:$D$597,MATCH($D7,Items!$A$5:$A$597,0)),"")) -> 2.05 | K7: =IF(OR($G7="",$J7=""),"",$G7*$J7) -> 20161.75
A8: 46112 | B8: Admin Coordinator | C8: N955003718 | D8: 1870 N95 Mask | E8: =IF($D8="","",IFERROR(INDEX(Items!$B$5:$B$597,MATCH($D8,Items!$A$5:$A$597,0)),"⚠ not in Items")) -> Masks | F8: =IF($D8="","",IFERROR(INDEX(Items!$C$5:$C$597,MATCH($D8,Items!$A$5:$A$597,0)),"")) -> One Size | G8: 230 | H8: 46235 | I8: 46113 | J8: =IF($D8="","",IFERROR(INDEX(Items!$D$5:$D$597,MATCH($D8,Items!$A$5:$A$597,0)),"")) -> 2.05 | K8: =IF(OR($G8="",$J8=""),"",$G8*$J8) -> 471.5
A9: 46112 | B9: Admin Coordinator | C9: N955003717 | D9: 1870+ N95 Mask | E9: =IF($D9="","",IFERROR(INDEX(Items!$B$5:$B$597,MATCH($D9,Items!$A$5:$A$597,0)),"⚠ not in Items")) -> Masks | F9: =IF($D9="","",IFERROR(INDEX(Items!$C$5:$C$597,MATCH($D9,Items!$A$5:$A$597,0)),"")) -> One Size | G9: 18945 | H9: 46235 | I9: 46113 | J9: =IF($D9="","",IFERROR(INDEX(Items!$D$5:$D$597,MATCH($D9,Items!$A$5:$A$597,0)),"")) -> 2.05 | K9: =IF(OR($G9="",$J9=""),"",$G9*$J9) -> 38837.25
A10: 46112 | B10: Admin Coordinator | C10: N955003712 | D10: 8110S N95 Mask | E10: =IF($D10="","",IFERROR(INDEX(Items!$B$5:$B$597,MATCH($D10,Items!$A$5:$A$597,0)),"⚠ not in Items")) -> Masks | F10: =IF($D10="","",IFERROR(INDEX(Items!$C$5:$C$597,MATCH($D10,Items!$A$5:$A$597,0)),"")) -> One Size | G10: 3815 | H10: 46235 | I10: 46113 | J10: =IF($D10="","",IFERROR(INDEX(Items!$D$5:$D$597,MATCH($D10,Items!$A$5:$A$597,0)),"")) -> 1.45 | K10: =IF(OR($G10="",$J10=""),"",$G10*$J10) -> 5531.75
A11: 46112 | B11: Admin Coordinator | C11: N955003714 | D11: 8210 N95 Mask | E11: =IF($D11="","",IFERROR(INDEX(Items!$B$5:$B$597,MATCH($D11,Items!$A$5:$A$597,0)),"⚠ not in Items")) -> Masks | F11: =IF($D11="","",IFERROR(INDEX(Items!$C$5:$C$597,MATCH($D11,Items!$A$5:$A$597,0)),"")) -> One Size | G11: 17485 | H11: 46235 | I11: 46113 | J11: =IF($D11="","",IFERROR(INDEX(Items!$D$5:$D$597,MATCH($D11,Items!$A$5:$A$597,0)),"")) -> 1.45 | K11: =IF(OR($G11="",$J11=""),"",$G11*$J11) -> 25353.25
A12: 46112 | B12: Admin Coordinator | C12: N955003711 | D12: 9210+ N95 Mask | E12: =IF($D12="","",IFERROR(INDEX(Items!$B$5:$B$597,MATCH($D12,Items!$A$5:$A$597,0)),"⚠ not in Items")) -> Masks | F12: =IF($D12="","",IFERROR(INDEX(Items!$C$5:$C$597,MATCH($D12,Items!$A$5:$A$597,0)),"")) -> One Size | G12: 0 | H12: 46235 | I12: 46113 | J12: =IF($D12="","",IFERROR(INDEX(Items!$D$5:$D$597,MATCH($D12,Items!$A$5:$A$597,0)),"")) -> 1.45 | K12: =IF(OR($G12="",$J12=""),"",$G12*$J12) -> 0
A13: 46112 | B13: Admin Coordinator | C13: 4600093677 | D13: Alcohol Swab | E13: =IF($D13="","",IFERROR(INDEX(Items!$B$5:$B$597,MATCH($D13,Items!$A$5:$A$597,0)),"⚠ not in Items")) -> IPAC | F13: =IF($D13="","",IFERROR(INDEX(Items!$C$5:$C$597,MATCH($D13,Items!$A$5:$A$597,0)),"")) -> Box | G13: 1000 | H13: 46387 | I13: 46113 | J13: =IF($D13="","",IFERROR(INDEX(Items!$D$5:$D$597,MATCH($D13,Items!$A$5:$A$597,0)),"")) -> 3.25 | K13: =IF(OR($G13="",$J13=""),"",$G13*$J13) -> 3250
A14: 46112 | B14: Admin Coordinator | C14: BWMALM143200-0 | D14: BP CUFF | E14: =IF($D14="","",IFERROR(INDEX(Items!$B$5:$B$597,MATCH($D14,Items!$A$5:$A$597,0)),"⚠ not in Items")) -> Equipment | F14: =IF($D14="","",IFERROR(INDEX(Items!$C$5:$C$597,MATCH($D14,Items!$A$5:$A$597,0)),"")) -> Adult Regular | G14: 2 | H14: 47032 | I14: 46113 | J14: =IF($D14="","",IFERROR(INDEX(Items!$D$5:$D$597,MATCH($D14,Items!$A$5:$A$597,0)),"")) -> 35 | K14: =IF(OR($G14="",$J14=""),"",$G14*$J14) -> 70
A15: 46112 | B15: Admin Coordinator | C15: N9550025 | D15: CAN99 | E15: =IF($D15="","",IFERROR(INDEX(Items!$B$5:$B$597,MATCH($D15,Items!$A$5:$A$597,0)),"⚠ not in Items")) -> Masks | F15: =IF($D15="","",IFERROR(INDEX(Items!$C$5:$C$597,MATCH($D15,Items!$A$5:$A$597,0)),"")) -> One Size | G15: 25 | H15: 46235 | I15: 46113 | J15: =IF($D15="","",IFERROR(INDEX(Items!$D$5:$D$597,MATCH($D15,Items!$A$5:$A$597,0)),"")) -> 1.35 | K15: =IF(OR($G15="",$J15=""),"",$G15*$J15) -> 33.75
A16: 46112 | B16: Admin Coordinator | C16: ICCSS54321 | D16: CSS Ice Cleats Large | E16: =IF($D16="","",IFERROR(INDEX(Items!$B$5:$B$597,MATCH($D16,Items!$A$5:$A$597,0)),"⚠ not in Items")) -> PPE | F16: =IF($D16="","",IFERROR(INDEX(Items!$C$5:$C$597,MATCH($D16,Items!$A$5:$A$597,0)),"")) -> Large | G16: 0 | H16: 47386 | I16: 46113 | J16: =IF($D16="","",IFERROR(INDEX(Items!$D$5:$D$597,MATCH($D16,Items!$A$5:$A$597,0)),"")) -> 145.98 | K16: =IF(OR($G16="",$J16=""),"",$G16*$J16) -> 0
A17: 46112 | B17: Admin Coordinator | C17: ICCSS4321 | D17: CSS Ice Cleats Medium | E17: =IF($D17="","",IFERROR(INDEX(Items!$B$5:$B$597,MATCH($D17,Items!$A$5:$A$597,0)),"⚠ not in Items")) -> PPE | F17: =IF($D17="","",IFERROR(INDEX(Items!$C$5:$C$597,MATCH($D17,Items!$A$5:$A$597,0)),"")) -> Medium | G17: 0 | H17: 47386 | I17: 46113 | J17: =IF($D17="","",IFERROR(INDEX(Items!$D$5:$D$597,MATCH($D17,Items!$A$5:$A$597,0)),"")) -> 145.98 | K17: =IF(OR($G17="",$J17=""),"",$G17*$J17) -> 0
A18: 46112 | B18: Admin Coordinator | C18: ICCSS321 | D18: CSS Ice Cleats Small | E18: =IF($D18="","",IFERROR(INDEX(Items!$B$5:$B$597,MATCH($D18,Items!$A$5:$A$597,0)),"⚠ not in Items")) -> PPE | F18: =IF($D18="","",IFERROR(INDEX(Items!$C$5:$C$597,MATCH($D18,Items!$A$5:$A$597,0)),"")) -> Small | G18: 0 | H18: 47386 | I18: 46113 | J18: =IF($D18="","",IFERROR(INDEX(Items!$D$5:$D$597,MATCH($D18,Items!$A$5:$A$597,0)),"")) -> 145.98 | K18: =IF(OR($G18="",$J18=""),"",$G18*$J18) -> 0
A19: 46112 | B19: Admin Coordinator | C19: ICCSS654321 | D19: CSS Ice Cleats X Large | E19: =IF($D19="","",IFERROR(INDEX(Items!$B$5:$B$597,MATCH($D19,Items!$A$5:$A$597,0)),"⚠ not in Items")) -> PPE | F19: =IF($D19="","",IFERROR(INDEX(Items!$C$5:$C$597,MATCH($D19,Items!$A$5:$A$597,0)),"")) -> X-Large | G19: 0 | H19: 47386 | I19: 46113 | J19: =IF($D19="","",IFERROR(INDEX(Items!$D$5:$D$597,MATCH($D19,Items!$A$5:$A$597,0)),"")) -> 145.98 | K19: =IF(OR($G19="",$J19=""),"",$G19*$J19) -> 0
A20: 46112 | B20: Admin Coordinator | C20: 3146837-7000 | D20: DNR | E20: =IF($D20="","",IFERROR(INDEX(Items!$B$5:$B$597,MATCH($D20,Items!$A$5:$A$597,0)),"⚠ not in Items")) -> Forms | F20: =IF($D20="","",IFERROR(INDEX(Items!$C$5:$C$597,MATCH($D20,Items!$A$5:$A$597,0)),"")) -> Standard | G20: 153 | H20: 47046 | I20: 46113 | J20: =IF($D20="","",IFERROR(INDEX(Items!$D$5:$D$597,MATCH($D20,Items!$A$5:$A$597,0)),"")) -> 0 | K20: =IF(OR($G20="",$J20=""),"",$G20*$J20) -> 0
A21: 46112 | B21: Admin Coordinator | C21: LYSL500290 | D21: Disinfectant Wipes | E21: =IF($D21="","",IFERROR(INDEX(Items!$B$5:$B$597,MATCH($D21,Items!$A$5:$A$597,0)),"⚠ not in Items")) -> Wipes | F21: =IF($D21="","",IFERROR(INDEX(Items!$C$5:$C$597,MATCH($D21,Items!$A$5:$A$597,0)),"")) -> 80 | G21: 192080 | H21: 47046 | I21: 46113 | J21: =IF($D21="","",IFERROR(INDEX(Items!$D$5:$D$597,MATCH($D21,Items!$A$5:$A$597,0)),"")) -> 0.1 | K21: =IF(OR($G21="",$J21=""),"",$G21*$J21) -> 19208
A22: 46112 | B22: Admin Coordinator | C22: EDITH001 | D22: EDITH | E22: =IF($D22="","",IFERROR(INDEX(Items!$B$5:$B$597,MATCH($D22,Items!$A$5:$A$597,0)),"⚠ not in Items")) -> Forms | F22: =IF($D22="","",IFERROR(INDEX(Items!$C$5:$C$597,MATCH($D22,Items!$A$5:$A$597,0)),"")) -> Standard | G22: 85 | H22: 47046 | I22: 46113 | J22: =IF($D22="","",IFERROR(INDEX(Items!$D$5:$D$597,MATCH($D22,Items!$A$5:$A$597,0)),"")) -> 0 | K22: =IF(OR($G22="",$J22=""),"",$G22*$J22) -> 0
A23: 46112 | B23: Admin Coordinator | C23: 50037 | D23: Epinephrine | E23: =IF($D23="","",IFERROR(INDEX(Items!$B$5:$B$597,MATCH($D23,Items!$A$5:$A$597,0)),"⚠ not in Items")) -> Drug | F23: =IF($D23="","",IFERROR(INDEX(Items!$C$5:$C$597,MATCH($D23,Items!$A$5:$A$597,0)),"")) -> 1 Amp | G23: 48 | H23: 46538 | I23: 46113 | J23: =IF($D23="","",IFERROR(INDEX(Items!$D$5:$D$597,MATCH($D23,Items!$A$5:$A$597,0)),"")) -> 5.9 | K23: =IF(OR($G23="",$J23=""),"",$G23*$J23) -> 283.2
A24: 46112 | B24: Admin Coordinator | C24: A000065867 | D24: Epinephrine | E24: =IF($D24="","",IFERROR(INDEX(Items!$B$5:$B$597,MATCH($D24,Items!$A$5:$A$597,0)),"⚠ not in Items")) -> Drug | F24: =IF($D24="","",IFERROR(INDEX(Items!$C$5:$C$597,MATCH($D24,Items!$A$5:$A$597,0)),"")) -> 1 Amp | G24: 0 | H24: 46022 | I24: 46113 | J24: =IF($D24="","",IFERROR(INDEX(Items!$D$5:$D$597,MATCH($D24,Items!$A$5:$A$597,0)),"")) -> 5.9 | K24: =IF(OR($G24="",$J24=""),"",$G24*$J24) -> 0
A25: 46112 | B25: Admin Coordinator | C25: 0417HIC25-0 | D25: Gloves - Large | E25: =IF($D25="","",IFERROR(INDEX(Items!$B$5:$B$597,MATCH($D25,Items!$A$5:$A$597,0)),"⚠ not in Items")) -> Gloves | F25: =IF($D25="","",IFERROR(INDEX(Items!$C$5:$C$597,MATCH($D25,Items!$A$5:$A$597,0)),"")) -> Large | G25: 2000 | H25: 46285 | I25: 46113 | J25: =IF($D25="","",IFERROR(INDEX(Items!$D$5:$D$597,MATCH($D25,Items!$A$5:$A$597,0)),"")) -> 0.055 | K25: =IF(OR($G25="",$J25=""),"",$G25*$J25) -> 110
A26: 46112 | B26: Admin Coordinator | C26: 0417HIC25-1 | D26: Gloves - Large | E26: =IF($D26="","",IFERROR(INDEX(Items!$B$5:$B$597,MATCH($D26,Items!$A$5:$A$597,0)),"⚠ not in Items")) -> Gloves | F26: =IF($D26="","",IFERROR(INDEX(Items!$C$5:$C$597,MATCH($D26,Items!$A$5:$A$597,0)),"")) -> Large | G26: 7500 | H26: 46292 | I26: 46113 | J26: =IF($D26="","",IFERROR(INDEX(Items!$D$5:$D$597,MATCH($D26,Items!$A$5:$A$597,0)),"")) -> 0.055 | K26: =IF(OR($G26="",$J26=""),"",$G26*$J26) -> 412.5
A27: 46112 | B27: Admin Coordinator | C27: LG5003002 | D27: Gloves - Large | E27: =IF($D27="","",IFERROR(INDEX(Items!$B$5:$B$597,MATCH($D27,Items!$A$5:$A$597,0)),"⚠ not in Items")) -> Gloves | F27: =IF($D27="","",IFERROR(INDEX(Items!$C$5:$C$597,MATCH($D27,Items!$A$5:$A$597,0)),"")) -> Large | G27: 0 | H27: 46135 | I27: 46113 | J27: =IF($D27="","",IFERROR(INDEX(Items!$D$5:$D$597,MATCH($D27,Items!$A$5:$A$597,0)),"")) -> 0.055 | K27: =IF(OR($G27="",$J27=""),"",$G27*$J27) -> 0
A28: 46112 | B28: Admin Coordinator | C28: LG5003102 | D28: Gloves - Large | E28: =IF($D28="","",IFERROR(INDEX(Items!$B$5:$B$597,MATCH($D28,Items!$A$5:$A$597,0)),"⚠ not in Items")) -> Gloves | F28: =IF($D28="","",IFERROR(INDEX(Items!$C$5:$C$597,MATCH($D28,Items!$A$5:$A$597,0)),"")) -> Large | G28: 0 | H28: 46159 | I28: 46113 | J28: =IF($D28="","",IFERROR(INDEX(Items!$D$5:$D$597,MATCH($D28,Items!$A$5:$A$597,0)),"")) -> 0.055 | K28: =IF(OR($G28="",$J28=""),"",$G28*$J28) -> 0
A29: 46112 | B29: Admin Coordinator | C29: LG5003202 | D29: Gloves - Large | E29: =IF($D29="","",IFERROR(INDEX(Items!$B$5:$B$597,MATCH($D29,Items!$A$5:$A$597,0)),"⚠ not in Items")) -> Gloves | F29: =IF($D29="","",IFERROR(INDEX(Items!$C$5:$C$597,MATCH($D29,Items!$A$5:$A$597,0)),"")) -> Large | G29: 0 | H29: 46162 | I29: 46113 | J29: =IF($D29="","",IFERROR(INDEX(Items!$D$5:$D$597,MATCH($D29,Items!$A$5:$A$597,0)),"")) -> 0.055 | K29: =IF(OR($G29="",$J29=""),"",$G29*$J29) -> 0
A30: 46112 | B30: Admin Coordinator | C30: LG5003203 | D30: Gloves - Large | E30: =IF($D30="","",IFERROR(INDEX(Items!$B$5:$B$597,MATCH($D30,Items!$A$5:$A$597,0)),"⚠ not in Items")) -> Gloves | F30: =IF($D30="","",IFERROR(INDEX(Items!$C$5:$C$597,MATCH($D30,Items!$A$5:$A$597,0)),"")) -> Large | G30: 0 | H30: 46162 | I30: 46113 | J30: =IF($D30="","",IFERROR(INDEX(Items!$D$5:$D$597,MATCH($D30,Items!$A$5:$A$597,0)),"")) -> 0.055 | K30: =IF(OR($G30="",$J30=""),"",$G30*$J30) -> 0
A31: 46112 | B31: Admin Coordinator | C31: LG5003302 | D31: Gloves - Large | E31: =IF($D31="","",IFERROR(INDEX(Items!$B$5:$B$597,MATCH($D31,Items!$A$5:$A$597,0)),"⚠ not in Items")) -> Gloves | F31: =IF($D31="","",IFERROR(INDEX(Items!$C$5:$C$597,MATCH($D31,Items!$A$5:$A$597,0)),"")) -> Large | G31: 0 | H31: 46188 | I31: 46113 | J31: =IF($D31="","",IFERROR(INDEX(Items!$D$5:$D$597,MATCH($D31,Items!$A$5:$A$597,0)),"")) -> 0.055 | K31: =IF(OR($G31="",$J31=""),"",$G31*$J31) -> 0
A32: 46112 | B32: Admin Coordinator | C32: ZIM506129477-0 | D32: Gloves - Large | E32: =IF($D32="","",IFERROR(INDEX(Items!$B$5:$B$597,MATCH($D32,Items!$A$5:$A$597,0)),"⚠ not in Items")) -> Gloves | F32: =IF($D32="","",IFERROR(INDEX(Items!$C$5:$C$597,MATCH($D32,Items!$A$5:$A$597,0)),"")) -> Large | G32: 0 | H32: 46179 | I32: 46113 | J32: =IF($D32="","",IFERROR(INDEX(Items!$D$5:$D$597,MATCH($D32,Items!$A$5:$A$597,0)),"")) -> 0.055 | K32: =IF(OR($G32="",$J32=""),"",$G32*$J32) -> 0
A33: 46112 | B33: Admin Coordinator | C33: ZIM506129477-1 | D33: Gloves - Large | E33: =IF($D33="","",IFERROR(INDEX(Items!$B$5:$B$597,MATCH($D33,Items!$A$5:$A$597,0)),"⚠ not in Items")) -> Gloves | F33: =IF($D33="","",IFERROR(INDEX(Items!$C$5:$C$597,MATCH($D33,Items!$A$5:$A$597,0)),"")) -> Large | G33: 0 | H33: 46216 | I33: 46113 | J33: =IF($D33="","",IFERROR(INDEX(Items!$D$5:$D$597,MATCH($D33,Items!$A$5:$A$597,0)),"")) -> 0.055 | K33: =IF(OR($G33="",$J33=""),"",$G33*$J33) -> 0
A34: 46112 | B34: Admin Coordinator | C34: ZIM509135933-0 | D34: Gloves - Large | E34: =IF($D34="","",IFERROR(INDEX(Items!$B$5:$B$597,MATCH($D34,Items!$A$5:$A$597,0)),"⚠ not in Items")) -> Gloves | F34: =IF($D34="","",IFERROR(INDEX(Items!$C$5:$C$597,MATCH($D34,Items!$A$5:$A$597,0)),"")) -> Large | G34: 0 | H34: 46223 | I34: 46113 | J34: =IF($D34="","",IFERROR(INDEX(Items!$D$5:$D$597,MATCH($D34,Items!$A$5:$A$597,0)),"")) -> 0.055 | K34: =IF(OR($G34="",$J34=""),"",$G34*$J34) -> 0
A35: 46112 | B35: Admin Coordinator | C35: ZIM509135933-1 | D35: Gloves - Large | E35: =IF($D35="","",IFERROR(INDEX(Items!$B$5:$B$597,MATCH($D35,Items!$A$5:$A$597,0)),"⚠ not in Items")) -> Gloves | F35: =IF($D35="","",IFERROR(INDEX(Items!$C$5:$C$597,MATCH($D35,Items!$A$5:$A$597,0)),"")) -> Large | G35: 0 | H35: 46244 | I35: 46113 | J35: =IF($D35="","",IFERROR(INDEX(Items!$D$5:$D$597,MATCH($D35,Items!$A$5:$A$597,0)),"")) -> 0.055 | K35: =IF(OR($G35="",$J35=""),"",$G35*$J35) -> 0
... A157: 46164 | B157: Global PPE Distributors | C157: ZIM511139904-3 | D157: Gloves - Large | E157: =IF($D157="","",IFERROR(INDEX(Items!$B$5:$B$597,MATCH($D157,Items!$A$5:$A$597,0)),"⚠ not in Items")) -> Gloves | F157: =IF($D157="","",IFERROR(INDEX(Items!$C$5:$C$597,MATCH($D157,Items!$A$5:$A$597,0)),"")) -> Large | G157: 2500 | H157: 46352 | I157: 46168 | J157: =IF($D157="","",IFERROR(INDEX(Items!$D$5:$D$597,MATCH($D157,Items!$A$5:$A$597,0)),"")) -> 0.055 | K157: =IF(OR($G157="",$J157=""),"",$G157*$J157) -> 137.5
A158: 46164 | B158: Regional Supply Co | C158: 3024 | D158: Shoe Covers | E158: =IF($D158="","",IFERROR(INDEX(Items!$B$5:$B$597,MATCH($D158,Items!$A$5:$A$597,0)),"⚠ not in Items")) -> IPAC | F158: =IF($D158="","",IFERROR(INDEX(Items!$C$5:$C$597,MATCH($D158,Items!$A$5:$A$597,0)),"")) -> Regular | G158: 300 | H158: 46718 | I158: 46169 | J158: =IF($D158="","",IFERROR(INDEX(Items!$D$5:$D$597,MATCH($D158,Items!$A$5:$A$597,0)),"")) -> 0.2 | K158: =IF(OR($G158="",$J158=""),"",$G158*$J158) -> 60
A159: 46164 | B159: Regional Supply Co | C159: 20-21734-4 | D159: Hand Sanitizer OS | E159: =IF($D159="","",IFERROR(INDEX(Items!$B$5:$B$597,MATCH($D159,Items!$A$5:$A$597,0)),"⚠ not in Items")) -> Sanitizer | F159: =IF($D159="","",IFERROR(INDEX(Items!$C$5:$C$597,MATCH($D159,Items!$A$5:$A$597,0)),"")) -> 236 ML | G159: 60 | H159: 46811 | I159: 46169 | J159: =IF($D159="","",IFERROR(INDEX(Items!$D$5:$D$597,MATCH($D159,Items!$A$5:$A$597,0)),"")) -> 0.0001 | K159: =IF(OR($G159="",$J159=""),"",$G159*$J159) -> 0.006
A160: 46164 | B160: Regional Supply Co | C160: 315JIC25 | D160: Gloves - Medium | E160: =IF($D160="","",IFERROR(INDEX(Items!$B$5:$B$597,MATCH($D160,Items!$A$5:$A$597,0)),"⚠ not in Items")) -> Gloves | F160: =IF($D160="","",IFERROR(INDEX(Items!$C$5:$C$597,MATCH($D160,Items!$A$5:$A$597,0)),"")) -> Medium | G160: 2500 | H160: 46353 | I160: 46169 | J160: =IF($D160="","",IFERROR(INDEX(Items!$D$5:$D$597,MATCH($D160,Items!$A$5:$A$597,0)),"")) -> 0.055 | K160: =IF(OR($G160="",$J160=""),"",$G160*$J160) -> 137.5
A161: 46171 | B161: Global PPE Distributors | C161: ZIM510137962-1 | D161: Gloves - Medium | E161: =IF($D161="","",IFERROR(INDEX(Items!$B$5:$B$597,MATCH($D161,Items!$A$5:$A$597,0)),"⚠ not in Items")) -> Gloves | F161: =IF($D161="","",IFERROR(INDEX(Items!$C$5:$C$597,MATCH($D161,Items!$A$5:$A$597,0)),"")) -> Medium | G161: 7500 | H161: 46364 | I161: 46181 | J161: =IF($D161="","",IFERROR(INDEX(Items!$D$5:$D$597,MATCH($D161,Items!$A$5:$A$597,0)),"")) -> 0.055 | K161: =IF(OR($G161="",$J161=""),"",$G161*$J161) -> 412.5
A162: 46171 | B162: Global PPE Distributors | C162: ZIM601144366-0 | D162: Gloves - Small | E162: =IF($D162="","",IFERROR(INDEX(Items!$B$5:$B$597,MATCH($D162,Items!$A$5:$A$597,0)),"⚠ not in Items")) -> Gloves | F162: =IF($D162="","",IFERROR(INDEX(Items!$C$5:$C$597,MATCH($D162,Items!$A$5:$A$597,0)),"")) -> Small | G162: 2500 | H162: 46364 | I162: 46181 | J162: =IF($D162="","",IFERROR(INDEX(Items!$D$5:$D$597,MATCH($D162,Items!$A$5:$A$597,0)),"")) -> 0.055 | K162: =IF(OR($G162="",$J162=""),"",$G162*$J162) -> 137.5
A163: 46177 | B163: Global PPE Distributors | C163: ZIM510137962-2 | D163: Gloves - Medium | E163: =IF($D163="","",IFERROR(INDEX(Items!$B$5:$B$597,MATCH($D163,Items!$A$5:$A$597,0)),"⚠ not in Items")) -> Gloves | F163: =IF($D163="","",IFERROR(INDEX(Items!$C$5:$C$597,MATCH($D163,Items!$A$5:$A$597,0)),"")) -> Medium | G163: 12500 | H163: 46364 | I163: 46181 | J163: =IF($D163="","",IFERROR(INDEX(Items!$D$5:$D$597,MATCH($D163,Items!$A$5:$A$597,0)),"")) -> 0.055 | K163: =IF(OR($G163="",$J163=""),"",$G163*$J163) -> 687.5
A164: 46177 | B164: Global PPE Distributors | C164: ZIM601144366-1 | D164: Gloves - Small | E164: =IF($D164="","",IFERROR(INDEX(Items!$B$5:$B$597,MATCH($D164,Items!$A$5:$A$597,0)),"⚠ not in Items")) -> Gloves | F164: =IF($D164="","",IFERROR(INDEX(Items!$C$5:$C$597,MATCH($D164,Items!$A$5:$A$597,0)),"")) -> Small | G164: 7500 | H164: 46364 | I164: 46181 | J164: =IF($D164="","",IFERROR(INDEX(Items!$D$5:$D$597,MATCH($D164,Items!$A$5:$A$597,0)),"")) -> 0.055 | K164: =IF(OR($G164="",$J164=""),"",$G164*$J164) -> 412.5
A165: 46177 | B165: Global PPE Distributors | C165: ZIM512142081 | D165: Gloves - Large | E165: =IF($D165="","",IFERROR(INDEX(Items!$B$5:$B$597,MATCH($D165,Items!$A$5:$A$597,0)),"⚠ not in Items")) -> Gloves | F165: =IF($D165="","",IFERROR(INDEX(Items!$C$5:$C$597,MATCH($D165,Items!$A$5:$A$597,0)),"")) -> Large | G165: 5000 | H165: 46364 | I165: 46181 | J165: =IF($D165="","",IFERROR(INDEX(Items!$D$5:$D$597,MATCH($D165,Items!$A$5:$A$597,0)),"")) -> 0.055 | K165: =IF(OR($G165="",$J165=""),"",$G165*$J165) -> 275
A166: 46177 | B166: Regional Supply Co | C166: O310LIC25 | D166: Gloves - Medium | E166: =IF($D166="","",IFERROR(INDEX(Items!$B$5:$B$597,MATCH($D166,Items!$A$5:$A$597,0)),"⚠ not in Items")) -> Gloves | F166: =IF($D166="","",IFERROR(INDEX(Items!$C$5:$C$597,MATCH($D166,Items!$A$5:$A$597,0)),"")) -> Medium | G166: 5000 | H166: 46364 | I166: 46181 | J166: =IF($D166="","",IFERROR(INDEX(Items!$D$5:$D$597,MATCH($D166,Items!$A$5:$A$597,0)),"")) -> 0.055 | K166: =IF(OR($G166="",$J166=""),"",$G166*$J166) -> 275
A167: 46177 | B167: Regional Supply Co | C167: ZIM510137942 | D167: Gloves - Small | E167: =IF($D167="","",IFERROR(INDEX(Items!$B$5:$B$597,MATCH($D167,Items!$A$5:$A$597,0)),"⚠ not in Items")) -> Gloves | F167: =IF($D167="","",IFERROR(INDEX(Items!$C$5:$C$597,MATCH($D167,Items!$A$5:$A$597,0)),"")) -> Small | G167: 2700 | H167: 46364 | I167: 46181 | J167: =IF($D167="","",IFERROR(INDEX(Items!$D$5:$D$597,MATCH($D167,Items!$A$5:$A$597,0)),"")) -> 0.055 | K167: =IF(OR($G167="",$J167=""),"",$G167*$J167) -> 148.5
A168: 46177 | B168: Regional Supply Co | C168: O17103 | D168: Gloves - Large | E168: =IF($D168="","",IFERROR(INDEX(Items!$B$5:$B$597,MATCH($D168,Items!$A$5:$A$597,0)),"⚠ not in Items")) -> Gloves | F168: =IF($D168="","",IFERROR(INDEX(Items!$C$5:$C$597,MATCH($D168,Items!$A$5:$A$597,0)),"")) -> Large | G168: 2500 | H168: 46364 | I168: 46181 | J168: =IF($D168="","",IFERROR(INDEX(Items!$D$5:$D$597,MATCH($D168,Items!$A$5:$A$597,0)),"")) -> 0.055 | K168: =IF(OR($G168="",$J168=""),"",$G168*$J168) -> 137.5
A169: 46177 | B169: Regional Supply Co | C169: 20-21734-5 | D169: Hand Sanitizer OS | E169: =IF($D169="","",IFERROR(INDEX(Items!$B$5:$B$597,MATCH($D169,Items!$A$5:$A$597,0)),"⚠ not in Items")) -> Sanitizer | F169: =IF($D169="","",IFERROR(INDEX(Items!$C$5:$C$597,MATCH($D169,Items!$A$5:$A$597,0)),"")) -> 236 ML | G169: 36 | H169: 46811 | I169: 46181 | J169: =IF($D169="","",IFERROR(INDEX(Items!$D$5:$D$597,MATCH($D169,Items!$A$5:$A$597,0)),"")) -> 0.0001 | K169: =IF(OR($G169="",$J169=""),"",$G169*$J169) -> 0.0036
A170: 46186 | B170: Global PPE Distributors | C170: ZIM604151579 | D170: Gloves - Medium | E170: =IF($D170="","",IFERROR(INDEX(Items!$B$5:$B$597,MATCH($D170,Items!$A$5:$A$597,0)),"⚠ not in Items")) -> Gloves | F170: =IF($D170="","",IFERROR(INDEX(Items!$C$5:$C$597,MATCH($D170,Items!$A$5:$A$597,0)),"")) -> Medium | G170: 12500 | H170: 46373 | I170: 46190 | J170: =IF($D170="","",IFERROR(INDEX(Items!$D$5:$D$597,MATCH($D170,Items!$A$5:$A$597,0)),"")) -> 0.055 | K170: =IF(OR($G170="",$J170=""),"",$G170*$J170) -> 687.5
... A183: 46216 | B183: Regional Supply Co | C183: HS1L-1 | D183: Hand Sanitizer 1L OS | E183: =IF($D183="","",IFERROR(INDEX(Items!$B$5:$B$597,MATCH($D183,Items!$A$5:$A$597,0)),"⚠ not in Items")) -> PPE | F183: =IF($D183="","",IFERROR(INDEX(Items!$C$5:$C$597,MATCH($D183,Items!$A$5:$A$597,0)),"")) -> Standard | G183: 12 | H183: 46811 | I183: 46220 | J183: =IF($D183="","",IFERROR(INDEX(Items!$D$5:$D$597,MATCH($D183,Items!$A$5:$A$597,0)),"")) -> 0 | K183: =IF(OR($G183="",$J183=""),"",$G183*$J183) -> 0
A184: 46216 | B184: Regional Supply Co | C184: 2510611 | D184: Disinfectant Wipes 180 OS | E184: =IF($D184="","",IFERROR(INDEX(Items!$B$5:$B$597,MATCH($D184,Items!$A$5:$A$597,0)),"⚠ not in Items")) -> Wipes | F184: =IF($D184="","",IFERROR(INDEX(Items!$C$5:$C$597,MATCH($D184,Items!$A$5:$A$597,0)),"")) -> 180 | G184: 2160 | H184: 46555 | I184: 46220 | J184: =IF($D184="","",IFERROR(INDEX(Items!$D$5:$D$597,MATCH($D184,Items!$A$5:$A$597,0)),"")) -> 0 | K184: =IF(OR($G184="",$J184=""),"",$G184*$J184) -> 0
A185: 46216 | B185: Regional Supply Co | C185: O101KPC24 | D185: Surgical Masks | E185: =IF($D185="","",IFERROR(INDEX(Items!$B$5:$B$597,MATCH($D185,Items!$A$5:$A$597,0)),"⚠ not in Items")) -> Masks | F185: =IF($D185="","",IFERROR(INDEX(Items!$C$5:$C$597,MATCH($D185,Items!$A$5:$A$597,0)),"")) -> One Size | G185: 3000 | H185: 46325 | I185: 46220 | J185: =IF($D185="","",IFERROR(INDEX(Items!$D$5:$D$597,MATCH($D185,Items!$A$5:$A$597,0)),"")) -> 0.25 | K185: =IF(OR($G185="",$J185=""),"",$G185*$J185) -> 750
A186: 46223 | B186: Regional Supply Co | C186: ZIM511139896-0 | D186: Gloves - Medium | E186: =IF($D186="","",IFERROR(INDEX(Items!$B$5:$B$597,MATCH($D186,Items!$A$5:$A$597,0)),"⚠ not in Items")) -> Gloves | F186: =IF($D186="","",IFERROR(INDEX(Items!$C$5:$C$597,MATCH($D186,Items!$A$5:$A$597,0)),"")) -> Medium | G186: 10000 | H186: 46411 | I186: 46227 | J186: =IF($D186="","",IFERROR(INDEX(Items!$D$5:$D$597,MATCH($D186,Items!$A$5:$A$597,0)),"")) -> 0.055 | K186: =IF(OR($G186="",$J186=""),"",$G186*$J186) -> 550
A187: 46223 | B187: Regional Supply Co | C187: 241101JY320B2 | D187: Surgical Masks | E187: =IF($D187="","",IFERROR(INDEX(Items!$B$5:$B$597,MATCH($D187,Items!$A$5:$A$597,0)),"⚠ not in Items")) -> Masks | F187: =IF($D187="","",IFERROR(INDEX(Items!$C$5:$C$597,MATCH($D187,Items!$A$5:$A$597,0)),"")) -> One Size | G187: 2000 | H187: 46350 | I187: 46227 | J187: =IF($D187="","",IFERROR(INDEX(Items!$D$5:$D$597,MATCH($D187,Items!$A$5:$A$597,0)),"")) -> 0.25 | K187: =IF(OR($G187="",$J187=""),"",$G187*$J187) -> 500
A188: 46223 | B188: Regional Supply Co | C188: 3024 | D188: Shoe Covers | E188: =IF($D188="","",IFERROR(INDEX(Items!$B$5:$B$597,MATCH($D188,Items!$A$5:$A$597,0)),"⚠ not in Items")) -> IPAC | F188: =IF($D188="","",IFERROR(INDEX(Items!$C$5:$C$597,MATCH($D188,Items!$A$5:$A$597,0)),"")) -> Regular | G188: 300 | H188: 46811 | I188: 46227 | J188: =IF($D188="","",IFERROR(INDEX(Items!$D$5:$D$597,MATCH($D188,Items!$A$5:$A$597,0)),"")) -> 0.2 | K188: =IF(OR($G188="",$J188=""),"",$G188*$J188) -> 60
A189: 46223 | B189: Global PPE Distributors | C189: ZIM6044151580-1 | D189: Gloves - Medium | E189: =IF($D189="","",IFERROR(INDEX(Items!$B$5:$B$597,MATCH($D189,Items!$A$5:$A$597,0)),"⚠ not in Items")) -> Gloves | F189: =IF($D189="","",IFERROR(INDEX(Items!$C$5:$C$597,MATCH($D189,Items!$A$5:$A$597,0)),"")) -> Medium | G189: 12500 | H189: 46411 | I189: 46227 | J189: =IF($D189="","",IFERROR(INDEX(Items!$D$5:$D$597,MATCH($D189,Items!$A$5:$A$597,0)),"")) -> 0.055 | K189: =IF(OR($G189="",$J189=""),"",$G189*$J189) -> 687.5
A190: 46223 | B190: Global PPE Distributors | C190: ZIM50913691-1 | D190: Gloves - Small/100 | E190: =IF($D190="","",IFERROR(INDEX(Items!$B$5:$B$597,MATCH($D190,Items!$A$5:$A$597,0)),"⚠ not in Items")) -> Gloves | F190: =IF($D190="","",IFERROR(INDEX(Items!$C$5:$C$597,MATCH($D190,Items!$A$5:$A$597,0)),"")) -> Small | G190: 1000 | H190: 46411 | I190: 46227 | J190: =IF($D190="","",IFERROR(INDEX(Items!$D$5:$D$597,MATCH($D190,Items!$A$5:$A$597,0)),"")) -> 0.055 | K190: =IF(OR($G190="",$J190=""),"",$G190*$J190) -> 55
A191: 46223 | B191: Global PPE Distributors | C191: ZIM502120713-1 | D191: Gloves - X-Large | E191: =IF($D191="","",IFERROR(INDEX(Items!$B$5:$B$597,MATCH($D191,Items!$A$5:$A$597,0)),"⚠ not in Items")) -> Gloves | F191: =IF($D191="","",IFERROR(INDEX(Items!$C$5:$C$597,MATCH($D191,Items!$A$5:$A$597,0)),"")) -> X-Large | G191: 2500 | H191: 46411 | I191: 46227 | J191: =IF($D191="","",IFERROR(INDEX(Items!$D$5:$D$597,MATCH($D191,Items!$A$5:$A$597,0)),"")) -> 0.055 | K191: =IF(OR($G191="",$J191=""),"",$G191*$J191) -> 137.5
A192: 46223 | B192: Regional Supply Co | C192: 20-21734-7 | D192: Hand Sanitizer OS | E192: =IF($D192="","",IFERROR(INDEX(Items!$B$5:$B$597,MATCH($D192,Items!$A$5:$A$597,0)),"⚠ not in Items")) -> Sanitizer | F192: =IF($D192="","",IFERROR(INDEX(Items!$C$5:$C$597,MATCH($D192,Items!$A$5:$A$597,0)),"")) -> 236 ML | G192: 36 | H192: 46811 | I192: 46227 | J192: =IF($D192="","",IFERROR(INDEX(Items!$D$5:$D$597,MATCH($D192,Items!$A$5:$A$597,0)),"")) -> 0.0001 | K192: =IF(OR($G192="",$J192=""),"",$G192*$J192) -> 0.0036

Sheet Issues
A1: ISSUES · STAFF DISPENSING LEDGER
A2: INPUT. One row per item dispensed. Pick the Staff Name from the dropdown — Staff ID, Role and Area fill in automatically. Enter Tracking ID when collected and Status updates itself.
A4: Order Date | B4: Staff ID | C4: Staff Name (pick) | D4: Role | E4: Area | F4: Item Name | G4: Item Type | H4: Size | I4: Standard Issue | J4: Qty Issued | K4: Unit Rate | L4: Line Cost | M4: Lot Number | N4: Pickup Date | O4: Next Scheduled | P4: Tracking ID | Q4: Status | R4: Month | S4: Units This Month (Staff/Item) | T4: Monthly Quota | U4: Quota Status | V4: Breach Key | W4: First Breach | X4: Alert Row | Y4: TL Approval | Z4: Approved By / Ref | AA4: Staff Email | AB4: Notice Type | AC4: Email Subject | AD4: Email Body | AE4: Mailto Link | AF4: Draft in Outlook | AG4: Staff First Name | AH4: Staff Full Name | AI4: Lot Override | AJ4: Cum Units (Item) | AK4: Line Start Unit | AL4: FEFO Lot (Auto) | AM4: Lot At Line End | AN4: Lot Check | AO4: Qty Override
A5: 46113 | B5: =IF($C5="","",IFERROR(INDEX('Staff Directory'!$A$5:$A$594,MATCH($C5,'Staff Directory'!$B$5:$B$594,0)),"⚠ unknown staff")) -> PSW-033-A4 | C5: Lastname092, Firstname092 | D5: =IF($B5="","",IFERROR(INDEX('Staff Directory'!$C$5:$C$594,MATCH($B5,'Staff Directory'!$A$5:$A$594,0)),"")) -> PSW | E5: =IF($B5="","",IFERROR(INDEX('Staff Directory'!$D$5:$D$594,MATCH($B5,'Staff Directory'!$A$5:$A$594,0)),"")) -> A4 | F5: Gloves - Small | G5: =IF($F5="","",IFERROR(INDEX(Items!$B$5:$B$597,MATCH($F5,Items!$A$5:$A$597,0)),"⚠ not in Items")) -> Gloves | H5: =IF($F5="","",IFERROR(INDEX(Items!$C$5:$C$597,MATCH($F5,Items!$A$5:$A$597,0)),"")) -> Small | I5: =IF($F5="","",IFERROR(INDEX(Items!$E$5:$E$597,MATCH($F5,Items!$A$5:$A$597,0)),"")) -> 500 | J5: =IF(tblIssues[[#This Row],[Qty Override]]<>"",tblIssues[[#This Row],[Qty Override]],IF(tblIssues[[#This Row],[Standard Issue]]="","",tblIssues[[#This Row],[Standard Issue]])) -> 500 | K5: =IF($F5="","",IFERROR(INDEX(Items!$D$5:$D$597,MATCH($F5,Items!$A$5:$A$597,0)),"")) -> 0.055 | L5: =IF(OR($J5="",$K5=""),"",$J5*$K5) -> 27.5 | M5: =IF($F5="","",IF($AI5<>"",$AI5,$AL5)) -> O210LIC25 | N5: =IF($A5="","",WORKDAY($A5,Settings!$C$9,HolidayDates)) -> 46121 | O5: =IF($N5="","",WORKDAY($N5,Settings!$C$10,HolidayDates)) -> 46161 | P5: Y | Q5: =IF($A5="","",IF($P5<>"","Collected","Pending")) -> Collected | R5: =IF($A5="","",TEXT($A5,"yyyy-mm")) -> 2026-04 | S5: =IF(OR($B5="",$F5="",$R5=""),"",SUMIFS(tblIssues[Qty Issued],tblIssues[Staff ID],$B5,tblIssues[Item Name],$F5,tblIssues[Month],$R5)) -> 500 | T5: =IF($I5="","",$I5*Settings!$C$11) -> 500 | U5: =IF(OR($S5="",$T5=""),"",IF($S5>$T5,IF($Y5="Approved","APPROVED BY TL","⚠ OVER QUOTA"),"OK")) -> OK | V5: =IF($U5="⚠ OVER QUOTA",$B5&" | "&$F5&" | "&$R5,"") | W5: =IF($V5="","",IF(COUNTIF($V$5:$V5,$V5)=1,1,"")) | X5: =IF($W5="","",MAX($X$4:X4)+1) | AA5: =IF($C5="","",IFERROR(INDEX('Staff Directory'!$E$5:$E$594,MATCH($C5,'Staff Directory'!$B$5:$B$594,0)),"")) -> firstname092.lastname092@example.com | AB5: =IF($C5="","",IF(ISNUMBER(SEARCH($D5,Settings!$C$15)),"Pickup","Dispatch")) -> Pickup | AC5: =IF($AB5="Pickup","Supply order ready for pickup",IF($AB5="Dispatch","Supply order dispatched","")) -> Supply order ready for pickup | AD5: =IF($AB5="Pickup","Dear "&$AH5&","&CHAR(10)&CHAR(10)&"Your order is ready for pickup from Sample Branch, Wed-Fri 9am-4pm.",IF($AB5="Dispatch","Dear "&$AH5&","&CHAR(10)&CHAR(10)&"Your order has been dispatched and is in transit. Reply if undelivered.","")) -> Dear PSW, Your order is ready for pickup from Sample Branch, Wed-Fri 9am-4pm. | AE5: =IF(OR($AA5="",$AC5=""),"","mailto:"&$AA5&"?subject="&_xlfn.ENCODEURL($AC5)&"&body="&_xlfn.ENCODEURL($AD5)) -> mailto:firstname092.lastname092@example.com?subject=Supply%20order%20ready%20for%20pickup&body=Dear%20PSW%2C%0A%0AYour%20order%20is%20ready%20for%20pickup%20from%20Sample%20Branch%2C%20Wed-Fri%209am-4pm. | AF5: =IF(AE5="","",HYPERLINK(AE5,"Draft email")) -> Draft email | AG5: =IF($C5="","",IFERROR(INDEX('Staff Directory'!$K$595:$K$599,MATCH($C5,'Staff Directory'!$B$5:$B$599,0)),$D5)) -> PSW | AH5: =IF($C5="","",IFERROR(INDEX('Staff Directory'!$I$595:$I$599,MATCH($C5,'Staff Directory'!$B$5:$B$599,0))&" "&INDEX('Staff Directory'!$J$595:$J$599,MATCH($C5,'Staff Directory'!$B$5:$B$599,0)),$AG5)) -> PSW | AI5: O210LIC25 | AJ5: =IF($F5="","",SUMIFS($J$5:$J5,$F$5:$F5,$F5)) -> 500 | AK5: =IF($F5="","",MAX(1,$AJ5-MAX($J5,0)+1)) -> 1 | AL5: {=IF($F5="","",IFERROR(INDEX('Lot Balance'!$B$5:$B$500,MATCH(1,INDEX(('Lot Balance'!$A$5:$A$500=$F5)*('Lot Balance'!$K$5:$K$500<$AK5)*('Lot Balance'!$K$5:$K$500+'Lot Balance'!$D$5:$D$500>=$AK5),0),0)),""))} -> ZIM512142069 | AM5: {=IF($F5="","",IFERROR(INDEX('Lot Balance'!$B$5:$B$500,MATCH(1,INDEX(('Lot Balance'!$A$5:$A$500=$F5)*('Lot Balance'!$K$5:$K$500<$AJ5)*('Lot Balance'!$K$5:$K$500+'Lot Balance'!$D$5:$D$500>=$AJ5),0),0)),""))} -> ZIM512142069 | AN5: =IF($F5="","",IF($AI5<>"",IF(COUNTIFS('Lot Balance'!$A$5:$A$500,$F5,'Lot Balance'!$B$5:$B$500,$AI5)=0,"⚠ override is not a lot of this item",IF($AI5=$AL5,"Override = FEFO","Override - FEFO says "&$AL5)),IF($AL5="","⚠ no receipt on file for this item",IF($AM5<>$AL5,"FEFO auto - split, also "&$AM5,"FEFO auto")))) -> Override - FEFO says ZIM512142069
A6: 46113 | B6: =IF($C6="","",IFERROR(INDEX('Staff Directory'!$A$5:$A$594,MATCH($C6,'Staff Directory'!$B$5:$B$594,0)),"⚠ unknown staff")) -> PSW-033-A4 | C6: Lastname092, Firstname092 | D6: =IF($B6="","",IFERROR(INDEX('Staff Directory'!$C$5:$C$594,MATCH($B6,'Staff Directory'!$A$5:$A$594,0)),"")) -> PSW | E6: =IF($B6="","",IFERROR(INDEX('Staff Directory'!$D$5:$D$594,MATCH($B6,'Staff Directory'!$A$5:$A$594,0)),"")) -> A4 | F6: Surgical Masks | G6: =IF($F6="","",IFERROR(INDEX(Items!$B$5:$B$597,MATCH($F6,Items!$A$5:$A$597,0)),"⚠ not in Items")) -> Masks | H6: =IF($F6="","",IFERROR(INDEX(Items!$C$5:$C$597,MATCH($F6,Items!$A$5:$A$597,0)),"")) -> One Size | I6: =IF($F6="","",IFERROR(INDEX(Items!$E$5:$E$597,MATCH($F6,Items!$A$5:$A$597,0)),"")) -> 50 | J6: =IF(tblIssues[[#This Row],[Qty Override]]<>"",tblIssues[[#This Row],[Qty Override]],IF(tblIssues[[#This Row],[Standard Issue]]="","",tblIssues[[#This Row],[Standard Issue]])) -> 50 | K6: =IF($F6="","",IFERROR(INDEX(Items!$D$5:$D$597,MATCH($F6,Items!$A$5:$A$597,0)),"")) -> 0.25 | L6: =IF(OR($J6="",$K6=""),"",$J6*$K6) -> 12.5 | M6: =IF($F6="","",IF($AI6<>"",$AI6,$AL6)) -> 0125FPC24-0 | N6: =IF($A6="","",WORKDAY($A6,Settings!$C$9,HolidayDates)) -> 46121 | O6: =IF($N6="","",WORKDAY($N6,Settings!$C$10,HolidayDates)) -> 46161 | P6: Y | Q6: =IF($A6="","",IF($P6<>"","Collected","Pending")) -> Collected | R6: =IF($A6="","",TEXT($A6,"yyyy-mm")) -> 2026-04 | S6: =IF(OR($B6="",$F6="",$R6=""),"",SUMIFS(tblIssues[Qty Issued],tblIssues[Staff ID],$B6,tblIssues[Item Name],$F6,tblIssues[Month],$R6)) -> 50 | T6: =IF($I6="","",$I6*Settings!$C$11) -> 50 | U6: =IF(OR($S6="",$T6=""),"",IF($S6>$T6,IF($Y6="Approved","APPROVED BY TL","⚠ OVER QUOTA"),"OK")) -> OK | V6: =IF($U6="⚠ OVER QUOTA",$B6&" | "&$F6&" | "&$R6,"") | W6: =IF($V6="","",IF(COUNTIF($V$5:$V6,$V6)=1,1,"")) | X6: =IF($W6="","",MAX($X$4:X5)+1) | AA6: =IF($C6="","",IFERROR(INDEX('Staff Directory'!$E$5:$E$594,MATCH($C6,'Staff Directory'!$B$5:$B$594,0)),"")) -> firstname092.lastname092@example.com | AB6: =IF($C6="","",IF(ISNUMBER(SEARCH($D6,Settings!$C$15)),"Pickup","Dispatch")) -> Pickup | AC6: =IF($AB6="Pickup","Supply order ready for pickup",IF($AB6="Dispatch","Supply order dispatched","")) -> Supply order ready for pickup | AD6: =IF($AB6="Pickup","Dear "&$AH6&","&CHAR(10)&CHAR(10)&"Your order is ready for pickup from Sample Branch, Wed-Fri 9am-4pm.",IF($AB6="Dispatch","Dear "&$AH6&","&CHAR(10)&CHAR(10)&"Your order has been dispatched and is in transit. Reply if undelivered.","")) -> Dear PSW, Your order is ready for pickup from Sample Branch, Wed-Fri 9am-4pm. | AE6: =IF(OR($AA6="",$AC6=""),"","mailto:"&$AA6&"?subject="&_xlfn.ENCODEURL($AC6)&"&body="&_xlfn.ENCODEURL($AD6)) -> mailto:firstname092.lastname092@example.com?subject=Supply%20order%20ready%20for%20pickup&body=Dear%20PSW%2C%0A%0AYour%20order%20is%20ready%20for%20pickup%20from%20Sample%20Branch%2C%20Wed-Fri%209am-4pm. | AF6: =IF(AE6="","",HYPERLINK(AE6,"Draft email")) -> Draft email | AG6: =IF($C6="","",IFERROR(INDEX('Staff Directory'!$K$595:$K$599,MATCH($C6,'Staff Directory'!$B$5:$B$599,0)),$D6)) -> PSW | AH6: =IF($C6="","",IFERROR(INDEX('Staff Directory'!$I$595:$I$599,MATCH($C6,'Staff Directory'!$B$5:$B$599,0))&" "&INDEX('Staff Directory'!$J$595:$J$599,MATCH($C6,'Staff Directory'!$B$5:$B$599,0)),$AG6)) -> PSW | AI6: 0125FPC24-0 | AJ6: =IF($F6="","",SUMIFS($J$5:$J6,$F$5:$F6,$F6)) -> 50 | AK6: =IF($F6="","",MAX(1,$AJ6-MAX($J6,0)+1)) -> 1 | AL6: {=IF($F6="","",IFERROR(INDEX('Lot Balance'!$B$5:$B$500,MATCH(1,INDEX(('Lot Balance'!$A$5:$A$500=$F6)*('Lot Balance'!$K$5:$K$500<$AK6)*('Lot Balance'!$K$5:$K$500+'Lot Balance'!$D$5:$D$500>=$AK6),0),0)),""))} -> 0125FPC24-0 | AM6: {=IF($F6="","",IFERROR(INDEX('Lot Balance'!$B$5:$B$500,MATCH(1,INDEX(('Lot Balance'!$A$5:$A$500=$F6)*('Lot Balance'!$K$5:$K$500<$AJ6)*('Lot Balance'!$K$5:$K$500+'Lot Balance'!$D$5:$D$500>=$AJ6),0),0)),""))} -> 0125FPC24-0 | AN6: =IF($F6="","",IF($AI6<>"",IF(COUNTIFS('Lot Balance'!$A$5:$A$500,$F6,'Lot Balance'!$B$5:$B$500,$AI6)=0,"⚠ override is not a lot of this item",IF($AI6=$AL6,"Override = FEFO","Override - FEFO says "&$AL6)),IF($AL6="","⚠ no receipt on file for this item",IF($AM6<>$AL6,"FEFO auto - split, also "&$AM6,"FEFO auto")))) -> Override = FEFO
A7: 46113 | B7: =IF($C7="","",IFERROR(INDEX('Staff Directory'!$A$5:$A$594,MATCH($C7,'Staff Directory'!$B$5:$B$594,0)),"⚠ unknown staff")) -> PSW-033-A4 | C7: Lastname092, Firstname092 | D7: =IF($B7="","",IFERROR(INDEX('Staff Directory'!$C$5:$C$594,MATCH($B7,'Staff Directory'!$A$5:$A$594,0)),"")) -> PSW | E7: =IF($B7="","",IFERROR(INDEX('Staff Directory'!$D$5:$D$594,MATCH($B7,'Staff Directory'!$A$5:$A$594,0)),"")) -> A4 | F7: Shoe Covers | G7: =IF($F7="","",IFERROR(INDEX(Items!$B$5:$B$597,MATCH($F7,Items!$A$5:$A$597,0)),"⚠ not in Items")) -> IPAC | H7: =IF($F7="","",IFERROR(INDEX(Items!$C$5:$C$597,MATCH($F7,Items!$A$5:$A$597,0)),"")) -> Regular | I7: =IF($F7="","",IFERROR(INDEX(Items!$E$5:$E$597,MATCH($F7,Items!$A$5:$A$597,0)),"")) -> 50 | J7: =IF(tblIssues[[#This Row],[Qty Override]]<>"",tblIssues[[#This Row],[Qty Override]],IF(tblIssues[[#This Row],[Standard Issue]]="","",tblIssues[[#This Row],[Standard Issue]])) -> 50 | K7: =IF($F7="","",IFERROR(INDEX(Items!$D$5:$D$597,MATCH($F7,Items!$A$5:$A$597,0)),"")) -> 0.2 | L7: =IF(OR($J7="",$K7=""),"",$J7*$K7) -> 10 | M7: =IF($F7="","",IF($AI7<>"",$AI7,$AL7)) -> Sample Org | N7: =IF($A7="","",WORKDAY($A7,Settings!$C$9,HolidayDates)) -> 46121 | O7: =IF($N7="","",WORKDAY($N7,Settings!$C$10,HolidayDates)) -> 46161 | P7: Y | Q7: =IF($A7="","",IF($P7<>"","Collected","Pending")) -> Collected | R7: =IF($A7="","",TEXT($A7,"yyyy-mm")) -> 2026-04 | S7: =IF(OR($B7="",$F7="",$R7=""),"",SUMIFS(tblIssues[Qty Issued],tblIssues[Staff ID],$B7,tblIssues[Item Name],$F7,tblIssues[Month],$R7)) -> 50 | T7: =IF($I7="","",$I7*Settings!$C$11) -> 50 | U7: =IF(OR($S7="",$T7=""),"",IF($S7>$T7,IF($Y7="Approved","APPROVED BY TL","⚠ OVER QUOTA"),"OK")) -> OK | V7: =IF($U7="⚠ OVER QUOTA",$B7&" | "&$F7&" | "&$R7,"") | W7: =IF($V7="","",IF(COUNTIF($V$5:$V7,$V7)=1,1,"")) | X7: =IF($W7="","",MAX($X$4:X6)+1) | AA7: =IF($C7="","",IFERROR(INDEX('Staff Directory'!$E$5:$E$594,MATCH($C7,'Staff Directory'!$B$5:$B$594,0)),"")) -> firstname092.lastname092@example.com | AB7: =IF($C7="","",IF(ISNUMBER(SEARCH($D7,Settings!$C$15)),"Pickup","Dispatch")) -> Pickup | AC7: =IF($AB7="Pickup","Supply order ready for pickup",IF($AB7="Dispatch","Supply order dispatched","")) -> Supply order ready for pickup | AD7: =IF($AB7="Pickup","Dear "&$AH7&","&CHAR(10)&CHAR(10)&"Your order is ready for pickup from Sample Branch, Wed-Fri 9am-4pm.",IF($AB7="Dispatch","Dear "&$AH7&","&CHAR(10)&CHAR(10)&"Your order has been dispatched and is in transit. Reply if undelivered.","")) -> Dear PSW, Your order is ready for pickup from Sample Branch, Wed-Fri 9am-4pm. | AE7: =IF(OR($AA7="",$AC7=""),"","mailto:"&$AA7&"?subject="&_xlfn.ENCODEURL($AC7)&"&body="&_xlfn.ENCODEURL($AD7)) -> mailto:firstname092.lastname092@example.com?subject=Supply%20order%20ready%20for%20pickup&body=Dear%20PSW%2C%0A%0AYour%20order%20is%20ready%20for%20pickup%20from%20Sample%20Branch%2C%20Wed-Fri%209am-4pm. | AF7: =IF(AE7="","",HYPERLINK(AE7,"Draft email")) -> Draft email | AG7: =IF($C7="","",IFERROR(INDEX('Staff Directory'!$K$595:$K$599,MATCH($C7,'Staff Directory'!$B$5:$B$599,0)),$D7)) -> PSW | AH7: =IF($C7="","",IFERROR(INDEX('Staff Directory'!$I$595:$I$599,MATCH($C7,'Staff Directory'!$B$5:$B$599,0))&" "&INDEX('Staff Directory'!$J$595:$J$599,MATCH($C7,'Staff Directory'!$B$5:$B$599,0)),$AG7)) -> PSW | AI7: Sample Org | AJ7: =IF($F7="","",SUMIFS($J$5:$J7,$F$5:$F7,$F7)) -> 50 | AK7: =IF($F7="","",MAX(1,$AJ7-MAX($J7,0)+1)) -> 1 | AL7: {=IF($F7="","",IFERROR(INDEX('Lot Balance'!$B$5:$B$500,MATCH(1,INDEX(('Lot Balance'!$A$5:$A$500=$F7)*('Lot Balance'!$K$5:$K$500<$AK7)*('Lot Balance'!$K$5:$K$500+'Lot Balance'!$D$5:$D$500>=$AK7),0),0)),""))} -> 3024 | AM7: {=IF($F7="","",IFERROR(INDEX('Lot Balance'!$B$5:$B$500,MATCH(1,INDEX(('Lot Balance'!$A$5:$A$500=$F7)*('Lot Balance'!$K$5:$K$500<$AJ7)*('Lot Balance'!$K$5:$K$500+'Lot Balance'!$D$5:$D$500>=$AJ7),0),0)),""))} -> 3024 | AN7: =IF($F7="","",IF($AI7<>"",IF(COUNTIFS('Lot Balance'!$A$5:$A$500,$F7,'Lot Balance'!$B$5:$B$500,$AI7)=0,"⚠ override is not a lot of this item",IF($AI7=$AL7,"Override = FEFO","Override - FEFO says "&$AL7)),IF($AL7="","⚠ no receipt on file for this item",IF($AM7<>$AL7,"FEFO auto - split, also "&$AM7,"FEFO auto")))) -> ⚠ override is not a lot of this item
A8: 46113 | B8: =IF($C8="","",IFERROR(INDEX('Staff Directory'!$A$5:$A$594,MATCH($C8,'Staff Directory'!$B$5:$B$594,0)),"⚠ unknown staff")) -> PSW-102-A6 | C8: Lastname164, Firstname164 | D8: =IF($B8="","",IFERROR(INDEX('Staff Directory'!$C$5:$C$594,MATCH($B8,'Staff Directory'!$A$5:$A$594,0)),"")) -> PSW | E8: =IF($B8="","",IFERROR(INDEX('Staff Directory'!$D$5:$D$594,MATCH($B8,'Staff Directory'!$A$5:$A$594,0)),"")) -> A6 | F8: Gloves - Medium | G8: =IF($F8="","",IFERROR(INDEX(Items!$B$5:$B$597,MATCH($F8,Items!$A$5:$A$597,0)),"⚠ not in Items")) -> Gloves | H8: =IF($F8="","",IFERROR(INDEX(Items!$C$5:$C$597,MATCH($F8,Items!$A$5:$A$597,0)),"")) -> Medium | I8: =IF($F8="","",IFERROR(INDEX(Items!$E$5:$E$597,MATCH($F8,Items!$A$5:$A$597,0)),"")) -> 500 | J8: =IF(tblIssues[[#This Row],[Qty Override]]<>"",tblIssues[[#This Row],[Qty Override]],IF(tblIssues[[#This Row],[Standard Issue]]="","",tblIssues[[#This Row],[Standard Issue]])) -> 500 | K8: =IF($F8="","",IFERROR(INDEX(Items!$D$5:$D$597,MATCH($F8,Items!$A$5:$A$597,0)),"")) -> 0.055 | L8: =IF(OR($J8="",$K8=""),"",$J8*$K8) -> 27.5 | M8: =IF($F8="","",IF($AI8<>"",$AI8,$AL8)) -> O17104 | N8: =IF($A8="","",WORKDAY($A8,Settings!$C$9,HolidayDates)) -> 46121 | O8: =IF($N8="","",WORKDAY($N8,Settings!$C$10,HolidayDates)) -> 46161 | P8: Y | Q8: =IF($A8="","",IF($P8<>"","Collected","Pending")) -> Collected | R8: =IF($A8="","",TEXT($A8,"yyyy-mm")) -> 2026-04 | S8: =IF(OR($B8="",$F8="",$R8=""),"",SUMIFS(tblIssues[Qty Issued],tblIssues[Staff ID],$B8,tblIssues[Item Name],$F8,tblIssues[Month],$R8)) -> 500 | T8: =IF($I8="","",$I8*Settings!$C$11) -> 500 | U8: =IF(OR($S8="",$T8=""),"",IF($S8>$T8,IF($Y8="Approved","APPROVED BY TL","⚠ OVER QUOTA"),"OK")) -> OK | V8: =IF($U8="⚠ OVER QUOTA",$B8&" | "&$F8&" | "&$R8,"") | W8: =IF($V8="","",IF(COUNTIF($V$5:$V8,$V8)=1,1,"")) | X8: =IF($W8="","",MAX($X$4:X7)+1) | AA8: =IF($C8="","",IFERROR(INDEX('Staff Directory'!$E$5:$E$594,MATCH($C8,'Staff Directory'!$B$5:$B$594,0)),"")) -> firstname164.lastname164@example.com | AB8: =IF($C8="","",IF(ISNUMBER(SEARCH($D8,Settings!$C$15)),"Pickup","Dispatch")) -> Pickup | AC8: =IF($AB8="Pickup","Supply order ready for pickup",IF($AB8="Dispatch","Supply order dispatched","")) -> Supply order ready for pickup | AD8: =IF($AB8="Pickup","Dear "&$AH8&","&CHAR(10)&CHAR(10)&"Your order is ready for pickup from Sample Branch, Wed-Fri 9am-4pm.",IF($AB8="Dispatch","Dear "&$AH8&","&CHAR(10)&CHAR(10)&"Your order has been dispatched and is in transit. Reply if undelivered.","")) -> Dear PSW, Your order is ready for pickup from Sample Branch, Wed-Fri 9am-4pm. | AE8: =IF(OR($AA8="",$AC8=""),"","mailto:"&$AA8&"?subject="&_xlfn.ENCODEURL($AC8)&"&body="&_xlfn.ENCODEURL($AD8)) -> mailto:firstname164.lastname164@example.com?subject=Supply%20order%20ready%20for%20pickup&body=Dear%20PSW%2C%0A%0AYour%20order%20is%20ready%20for%20pickup%20from%20Sample%20Branch%2C%20Wed-Fri%209am-4pm. | AF8: =IF(AE8="","",HYPERLINK(AE8,"Draft email")) -> Draft email | AG8: =IF($C8="","",IFERROR(INDEX('Staff Directory'!$K$595:$K$599,MATCH($C8,'Staff Directory'!$B$5:$B$599,0)),$D8)) -> PSW | AH8: =IF($C8="","",IFERROR(INDEX('Staff Directory'!$I$595:$I$599,MATCH($C8,'Staff Directory'!$B$5:$B$599,0))&" "&INDEX('Staff Directory'!$J$595:$J$599,MATCH($C8,'Staff Directory'!$B$5:$B$599,0)),$AG8)) -> PSW | AI8: O17104 | AJ8: =IF($F8="","",SUMIFS($J$5:$J8,$F$5:$F8,$F8)) -> 500 | AK8: =IF($F8="","",MAX(1,$AJ8-MAX($J8,0)+1)) -> 1 | AL8: {=IF($F8="","",IFERROR(INDEX('Lot Balance'!$B$5:$B$500,MATCH(1,INDEX(('Lot Balance'!$A$5:$A$500=$F8)*('Lot Balance'!$K$5:$K$500<$AK8)*('Lot Balance'!$K$5:$K$500+'Lot Balance'!$D$5:$D$500>=$AK8),0),0)),""))} -> O17104 | AM8: {=IF($F8="","",IFERROR(INDEX('Lot Balance'!$B$5:$B$500,MATCH(1,INDEX(('Lot Balance'!$A$5:$A$500=$F8)*('Lot Balance'!$K$5:$K$500<$AJ8)*('Lot Balance'!$K$5:$K$500+'Lot Balance'!$D$5:$D$500>=$AJ8),0),0)),""))} -> O17104 | AN8: =IF($F8="","",IF($AI8<>"",IF(COUNTIFS('Lot Balance'!$A$5:$A$500,$F8,'Lot Balance'!$B$5:$B$500,$AI8)=0,"⚠ override is not a lot of this item",IF($AI8=$AL8,"Override = FEFO","Override - FEFO says "&$AL8)),IF($AL8="","⚠ no receipt on file for this item",IF($AM8<>$AL8,"FEFO auto - split, also "&$AM8,"FEFO auto")))) -> Override = FEFO
A9: 46113 | B9: =IF($C9="","",IFERROR(INDEX('Staff Directory'!$A$5:$A$594,MATCH($C9,'Staff Directory'!$B$5:$B$594,0)),"⚠ unknown staff")) -> PSW-102-A6 | C9: Lastname164, Firstname164 | D9: =IF($B9="","",IFERROR(INDEX('Staff Directory'!$C$5:$C$594,MATCH($B9,'Staff Directory'!$A$5:$A$594,0)),"")) -> PSW | E9: =IF($B9="","",IFERROR(INDEX('Staff Directory'!$D$5:$D$594,MATCH($B9,'Staff Directory'!$A$5:$A$594,0)),"")) -> A6 | F9: Hand Sanitizer | G9: =IF($F9="","",IFERROR(INDEX(Items!$B$5:$B$597,MATCH($F9,Items!$A$5:$A$597,0)),"⚠ not in Items")) -> Sanitizer | H9: =IF($F9="","",IFERROR(INDEX(Items!$C$5:$C$597,MATCH($F9,Items!$A$5:$A$597,0)),"")) -> 118 ML | I9: =IF($F9="","",IFERROR(INDEX(Items!$E$5:$E$597,MATCH($F9,Items!$A$5:$A$597,0)),"")) -> 2 | J9: =IF(tblIssues[[#This Row],[Qty Override]]<>"",tblIssues[[#This Row],[Qty Override]],IF(tblIssues[[#This Row],[Standard Issue]]="","",tblIssues[[#This Row],[Standard Issue]])) -> 2 | K9: =IF($F9="","",IFERROR(INDEX(Items!$D$5:$D$597,MATCH($F9,Items!$A$5:$A$597,0)),"")) -> 4.49 | L9: =IF(OR($J9="",$K9=""),"",$J9*$K9) -> 8.98 | M9: =IF($F9="","",IF($AI9<>"",$AI9,$AL9)) -> 563963-5 | N9: =IF($A9="","",WORKDAY($A9,Settings!$C$9,HolidayDates)) -> 46121 | O9: =IF($N9="","",WORKDAY($N9,Settings!$C$10,HolidayDates)) -> 46161 | P9: Y | Q9: =IF($A9="","",IF($P9<>"","Collected","Pending")) -> Collected | R9: =IF($A9="","",TEXT($A9,"yyyy-mm")) -> 2026-04 | S9: =IF(OR($B9="",$F9="",$R9=""),"",SUMIFS(tblIssues[Qty Issued],tblIssues[Staff ID],$B9,tblIssues[Item Name],$F9,tblIssues[Month],$R9)) -> 2 | T9: =IF($I9="","",$I9*Settings!$C$11) -> 2 | U9: =IF(OR($S9="",$T9=""),"",IF($S9>$T9,IF($Y9="Approved","APPROVED BY TL","⚠ OVER QUOTA"),"OK")) -> OK | V9: =IF($U9="⚠ OVER QUOTA",$B9&" | "&$F9&" | "&$R9,"") | W9: =IF($V9="","",IF(COUNTIF($V$5:$V9,$V9)=1,1,"")) | X9: =IF($W9="","",MAX($X$4:X8)+1) | AA9: =IF($C9="","",IFERROR(INDEX('Staff Directory'!$E$5:$E$594,MATCH($C9,'Staff Directory'!$B$5:$B$594,0)),"")) -> firstname164.lastname164@example.com | AB9: =IF($C9="","",IF(ISNUMBER(SEARCH($D9,Settings!$C$15)),"Pickup","Dispatch")) -> Pickup | AC9: =IF($AB9="Pickup","Supply order ready for pickup",IF($AB9="Dispatch","Supply order dispatched","")) -> Supply order ready for pickup | AD9: =IF($AB9="Pickup","Dear "&$AH9&","&CHAR(10)&CHAR(10)&"Your order is ready for pickup from Sample Branch, Wed-Fri 9am-4pm.",IF($AB9="Dispatch","Dear "&$AH9&","&CHAR(10)&CHAR(10)&"Your order has been dispatched and is in transit. Reply if undelivered.","")) -> Dear PSW, Your order is ready for pickup from Sample Branch, Wed-Fri 9am-4pm. | AE9: =IF(OR($AA9="",$AC9=""),"","mailto:"&$AA9&"?subject="&_xlfn.ENCODEURL($AC9)&"&body="&_xlfn.ENCODEURL($AD9)) -> mailto:firstname164.lastname164@example.com?subject=Supply%20order%20ready%20for%20pickup&body=Dear%20PSW%2C%0A%0AYour%20order%20is%20ready%20for%20pickup%20from%20Sample%20Branch%2C%20Wed-Fri%209am-4pm. | AF9: =IF(AE9="","",HYPERLINK(AE9,"Draft email")) -> Draft email | AG9: =IF($C9="","",IFERROR(INDEX('Staff Directory'!$K$595:$K$599,MATCH($C9,'Staff Directory'!$B$5:$B$599,0)),$D9)) -> PSW | AH9: =IF($C9="","",IFERROR(INDEX('Staff Directory'!$I$595:$I$599,MATCH($C9,'Staff Directory'!$B$5:$B$599,0))&" "&INDEX('Staff Directory'!$J$595:$J$599,MATCH($C9,'Staff Directory'!$B$5:$B$599,0)),$AG9)) -> PSW | AI9: 563963-5 | AJ9: =IF($F9="","",SUMIFS($J$5:$J9,$F$5:$F9,$F9)) -> 2 | AK9: =IF($F9="","",MAX(1,$AJ9-MAX($J9,0)+1)) -> 1 | AL9: {=IF($F9="","",IFERROR(INDEX('Lot Balance'!$B$5:$B$500,MATCH(1,INDEX(('Lot Balance'!$A$5:$A$500=$F9)*('Lot Balance'!$K$5:$K$500<$AK9)*('Lot Balance'!$K$5:$K$500+'Lot Balance'!$D$5:$D$500>=$AK9),0),0)),""))} -> 563963-4 | AM9: {=IF($F9="","",IFERROR(INDEX('Lot Balance'!$B$5:$B$500,MATCH(1,INDEX(('Lot Balance'!$A$5:$A$500=$F9)*('Lot Balance'!$K$5:$K$500<$AJ9)*('Lot Balance'!$K$5:$K$500+'Lot Balance'!$D$5:$D$500>=$AJ9),0),0)),""))} -> 563963-4 | AN9: =IF($F9="","",IF($AI9<>"",IF(COUNTIFS('Lot Balance'!$A$5:$A$500,$F9,'Lot Balance'!$B$5:$B$500,$AI9)=0,"⚠ override is not a lot of this item",IF($AI9=$AL9,"Override = FEFO","Override - FEFO says "&$AL9)),IF($AL9="","⚠ no receipt on file for this item",IF($AM9<>$AL9,"FEFO auto - split, also "&$AM9,"FEFO auto")))) -> Override - FEFO says 563963-4
A10: 46113 | B10: =IF($C10="","",IFERROR(INDEX('Staff Directory'!$A$5:$A$594,MATCH($C10,'Staff Directory'!$B$5:$B$594,0)),"⚠ unknown staff")) -> PSW-102-A6 | C10: Lastname164, Firstname164 | D10: =IF($B10="","",IFERROR(INDEX('Staff Directory'!$C$5:$C$594,MATCH($B10,'Staff Directory'!$A$5:$A$594,0)),"")) -> PSW | E10: =IF($B10="","",IFERROR(INDEX('Staff Directory'!$D$5:$D$594,MATCH($B10,'Staff Directory'!$A$5:$A$594,0)),"")) -> A6 | F10: Disinfectant Wipes | G10: =IF($F10="","",IFERROR(INDEX(Items!$B$5:$B$597,MATCH($F10,Items!$A$5:$A$597,0)),"⚠ not in Items")) -> Wipes | H10: =IF($F10="","",IFERROR(INDEX(Items!$C$5:$C$597,MATCH($F10,Items!$A$5:$A$597,0)),"")) -> 80 | I10: =IF($F10="","",IFERROR(INDEX(Items!$E$5:$E$597,MATCH($F10,Items!$A$5:$A$597,0)),"")) -> 80 | J10: =IF(tblIssues[[#This Row],[Qty Override]]<>"",tblIssues[[#This Row],[Qty Override]],IF(tblIssues[[#This Row],[Standard Issue]]="","",tblIssues[[#This Row],[Standard Issue]])) -> 80 | K10: =IF($F10="","",IFERROR(INDEX(Items!$D$5:$D$597,MATCH($F10,Items!$A$5:$A$597,0)),"")) -> 0.1 | L10: =IF(OR($J10="",$K10=""),"",$J10*$K10) -> 8 | M10: =IF($F10="","",IF($AI10<>"",$AI10,$AL10)) -> LYSL500290 | N10: =IF($A10="","",WORKDAY($A10,Settings!$C$9,HolidayDates)) -> 46121 | O10: =IF($N10="","",WORKDAY($N10,Settings!$C$10,HolidayDates)) -> 46161 | P10: Y | Q10: =IF($A10="","",IF($P10<>"","Collected","Pending")) -> Collected | R10: =IF($A10="","",TEXT($A10,"yyyy-mm")) -> 2026-04 | S10: =IF(OR($B10="",$F10="",$R10=""),"",SUMIFS(tblIssues[Qty Issued],tblIssues[Staff ID],$B10,tblIssues[Item Name],$F10,tblIssues[Month],$R10)) -> 80 | T10: =IF($I10="","",$I10*Settings!$C$11) -> 80 | U10: =IF(OR($S10="",$T10=""),"",IF($S10>$T10,IF($Y10="Approved","APPROVED BY TL","⚠ OVER QUOTA"),"OK")) -> OK | V10: =IF($U10="⚠ OVER QUOTA",$B10&" | "&$F10&" | "&$R10,"") | W10: =IF($V10="","",IF(COUNTIF($V$5:$V10,$V10)=1,1,"")) | X10: =IF($W10="","",MAX($X$4:X9)+1) | AA10: =IF($C10="","",IFERROR(INDEX('Staff Directory'!$E$5:$E$594,MATCH($C10,'Staff Directory'!$B$5:$B$594,0)),"")) -> firstname164.lastname164@example.com | AB10: =IF($C10="","",IF(ISNUMBER(SEARCH($D10,Settings!$C$15)),"Pickup","Dispatch")) -> Pickup | AC10: =IF($AB10="Pickup","Supply order ready for pickup",IF($AB10="Dispatch","Supply order dispatched","")) -> Supply order ready for pickup | AD10: =IF($AB10="Pickup","Dear "&$AH10&","&CHAR(10)&CHAR(10)&"Your order is ready for pickup from Sample Branch, Wed-Fri 9am-4pm.",IF($AB10="Dispatch","Dear "&$AH10&","&CHAR(10)&CHAR(10)&"Your order has been dispatched and is in transit. Reply if undelivered.","")) -> Dear PSW, Your order is ready for pickup from Sample Branch, Wed-Fri 9am-4pm. | AE10: =IF(OR($AA10="",$AC10=""),"","mailto:"&$AA10&"?subject="&_xlfn.ENCODEURL($AC10)&"&body="&_xlfn.ENCODEURL($AD10)) -> mailto:firstname164.lastname164@example.com?subject=Supply%20order%20ready%20for%20pickup&body=Dear%20PSW%2C%0A%0AYour%20order%20is%20ready%20for%20pickup%20from%20Sample%20Branch%2C%20Wed-Fri%209am-4pm. | AF10: =IF(AE10="","",HYPERLINK(AE10,"Draft email")) -> Draft email | AG10: =IF($C10="","",IFERROR(INDEX('Staff Directory'!$K$595:$K$599,MATCH($C10,'Staff Directory'!$B$5:$B$599,0)),$D10)) -> PSW | AH10: =IF($C10="","",IFERROR(INDEX('Staff Directory'!$I$595:$I$599,MATCH($C10,'Staff Directory'!$B$5:$B$599,0))&" "&INDEX('Staff Directory'!$J$595:$J$599,MATCH($C10,'Staff Directory'!$B$5:$B$599,0)),$AG10)) -> PSW | AI10: LYSL500290 | AJ10: =IF($F10="","",SUMIFS($J$5:$J10,$F$5:$F10,$F10)) -> 80 | AK10: =IF($F10="","",MAX(1,$AJ10-MAX($J10,0)+1)) -> 1 | AL10: {=IF($F10="","",IFERROR(INDEX('Lot Balance'!$B$5:$B$500,MATCH(1,INDEX(('Lot Balance'!$A$5:$A$500=$F10)*('Lot Balance'!$K$5:$K$500<$AK10)*('Lot Balance'!$K$5:$K$500+'Lot Balance'!$D$5:$D$500>=$AK10),0),0)),""))} -> LYSL500290 | AM10: {=IF($F10="","",IFERROR(INDEX('Lot Balance'!$B$5:$B$500,MATCH(1,INDEX(('Lot Balance'!$A$5:$A$500=$F10)*('Lot Balance'!$K$5:$K$500<$AJ10)*('Lot Balance'!$K$5:$K$500+'Lot Balance'!$D$5:$D$500>=$AJ10),0),0)),""))} -> LYSL500290 | AN10: =IF($F10="","",IF($AI10<>"",IF(COUNTIFS('Lot Balance'!$A$5:$A$500,$F10,'Lot Balance'!$B$5:$B$500,$AI10)=0,"⚠ override is not a lot of this item",IF($AI10=$AL10,"Override = FEFO","Override - FEFO says "&$AL10)),IF($AL10="","⚠ no receipt on file for this item",IF($AM10<>$AL10,"FEFO auto - split, also "&$AM10,"FEFO auto")))) -> Override = FEFO
A11: 46113 | B11: =IF($C11="","",IFERROR(INDEX('Staff Directory'!$A$5:$A$594,MATCH($C11,'Staff Directory'!$B$5:$B$594,0)),"⚠ unknown staff")) -> PSW-102-A6 | C11: Lastname164, Firstname164 | D11: =IF($B11="","",IFERROR(INDEX('Staff Directory'!$C$5:$C$594,MATCH($B11,'Staff Directory'!$A$5:$A$594,0)),"")) -> PSW | E11: =IF($B11="","",IFERROR(INDEX('Staff Directory'!$D$5:$D$594,MATCH($B11,'Staff Directory'!$A$5:$A$594,0)),"")) -> A6 | F11: Surgical Masks | G11: =IF($F11="","",IFERROR(INDEX(Items!$B$5:$B$597,MATCH($F11,Items!$A$5:$A$597,0)),"⚠ not in Items")) -> Masks | H11: =IF($F11="","",IFERROR(INDEX(Items!$C$5:$C$597,MATCH($F11,Items!$A$5:$A$597,0)),"")) -> One Size | I11: =IF($F11="","",IFERROR(INDEX(Items!$E$5:$E$597,MATCH($F11,Items!$A$5:$A$597,0)),"")) -> 50 | J11: =IF(tblIssues[[#This Row],[Qty Override]]<>"",tblIssues[[#This Row],[Qty Override]],IF(tblIssues[[#This Row],[Standard Issue]]="","",tblIssues[[#This Row],[Standard Issue]])) -> 50 | K11: =IF($F11="","",IFERROR(INDEX(Items!$D$5:$D$597,MATCH($F11,Items!$A$5:$A$597,0)),"")) -> 0.25 | L11: =IF(OR($J11="",$K11=""),"",$J11*$K11) -> 12.5 | M11: =IF($F11="","",IF($AI11<>"",$AI11,$AL11)) -> 0125FPC24-0 | N11: =IF($A11="","",WORKDAY($A11,Settings!$C$9,HolidayDates)) -> 46121 | O11: =IF($N11="","",WORKDAY($N11,Settings!$C$10,HolidayDates)) -> 46161 | P11: Y | Q11: =IF($A11="","",IF($P11<>"","Collected","Pending")) -> Collected | R11: =IF($A11="","",TEXT($A11,"yyyy-mm")) -> 2026-04 | S11: =IF(OR($B11="",$F11="",$R11=""),"",SUMIFS(tblIssues[Qty Issued],tblIssues[Staff ID],$B11,tblIssues[Item Name],$F11,tblIssues[Month],$R11)) -> 50 | T11: =IF($I11="","",$I11*Settings!$C$11) -> 50 | U11: =IF(OR($S11="",$T11=""),"",IF($S11>$T11,IF($Y11="Approved","APPROVED BY TL","⚠ OVER QUOTA"),"OK")) -> OK | V11: =IF($U11="⚠ OVER QUOTA",$B11&" | "&$F11&" | "&$R11,"") | W11: =IF($V11="","",IF(COUNTIF($V$5:$V11,$V11)=1,1,"")) | X11: =IF($W11="","",MAX($X$4:X10)+1) | AA11: =IF($C11="","",IFERROR(INDEX('Staff Directory'!$E$5:$E$594,MATCH($C11,'Staff Directory'!$B$5:$B$594,0)),"")) -> firstname164.lastname164@example.com | AB11: =IF($C11="","",IF(ISNUMBER(SEARCH($D11,Settings!$C$15)),"Pickup","Dispatch")) -> Pickup | AC11: =IF($AB11="Pickup","Supply order ready for pickup",IF($AB11="Dispatch","Supply order dispatched","")) -> Supply order ready for pickup | AD11: =IF($AB11="Pickup","Dear "&$AH11&","&CHAR(10)&CHAR(10)&"Your order is ready for pickup from Sample Branch, Wed-Fri 9am-4pm.",IF($AB11="Dispatch","Dear "&$AH11&","&CHAR(10)&CHAR(10)&"Your order has been dispatched and is in transit. Reply if undelivered.","")) -> Dear PSW, Your order is ready for pickup from Sample Branch, Wed-Fri 9am-4pm. | AE11: =IF(OR($AA11="",$AC11=""),"","mailto:"&$AA11&"?subject="&_xlfn.ENCODEURL($AC11)&"&body="&_xlfn.ENCODEURL($AD11)) -> mailto:firstname164.lastname164@example.com?subject=Supply%20order%20ready%20for%20pickup&body=Dear%20PSW%2C%0A%0AYour%20order%20is%20ready%20for%20pickup%20from%20Sample%20Branch%2C%20Wed-Fri%209am-4pm. | AF11: =IF(AE11="","",HYPERLINK(AE11,"Draft email")) -> Draft email | AG11: =IF($C11="","",IFERROR(INDEX('Staff Directory'!$K$595:$K$599,MATCH($C11,'Staff Directory'!$B$5:$B$599,0)),$D11)) -> PSW | AH11: =IF($C11="","",IFERROR(INDEX('Staff Directory'!$I$595:$I$599,MATCH($C11,'Staff Directory'!$B$5:$B$599,0))&" "&INDEX('Staff Directory'!$J$595:$J$599,MATCH($C11,'Staff Directory'!$B$5:$B$599,0)),$AG11)) -> PSW | AI11: 0125FPC24-0 | AJ11: =IF($F11="","",SUMIFS($J$5:$J11,$F$5:$F11,$F11)) -> 100 | AK11: =IF($F11="","",MAX(1,$AJ11-MAX($J11,0)+1)) -> 51 | AL11: {=IF($F11="","",IFERROR(INDEX('Lot Balance'!$B$5:$B$500,MATCH(1,INDEX(('Lot Balance'!$A$5:$A$500=$F11)*('Lot Balance'!$K$5:$K$500<$AK11)*('Lot Balance'!$K$5:$K$500+'Lot Balance'!$D$5:$D$500>=$AK11),0),0)),""))} -> 0125FPC24-0 | AM11: {=IF($F11="","",IFERROR(INDEX('Lot Balance'!$B$5:$B$500,MATCH(1,INDEX(('Lot Balance'!$A$5:$A$500=$F11)*('Lot Balance'!$K$5:$K$500<$AJ11)*('Lot Balance'!$K$5:$K$500+'Lot Balance'!$D$5:$D$500>=$AJ11),0),0)),""))} -> 0125FPC24-0 | AN11: =IF($F11="","",IF($AI11<>"",IF(COUNTIFS('Lot Balance'!$A$5:$A$500,$F11,'Lot Balance'!$B$5:$B$500,$AI11)=0,"⚠ override is not a lot of this item",IF($AI11=$AL11,"Override = FEFO","Override - FEFO says "&$AL11)),IF($AL11="","⚠ no receipt on file for this item",IF($AM11<>$AL11,"FEFO auto - split, also "&$AM11,"FEFO auto")))) -> Override = FEFO
A12: 46113 | B12: =IF($C12="","",IFERROR(INDEX('Staff Directory'!$A$5:$A$594,MATCH($C12,'Staff Directory'!$B$5:$B$594,0)),"⚠ unknown staff")) -> PSW-079-A5 | C12: Lastname139, Firstname139 | D12: =IF($B12="","",IFERROR(INDEX('Staff Directory'!$C$5:$C$594,MATCH($B12,'Staff Directory'!$A$5:$A$594,0)),"")) -> PSW | E12: =IF($B12="","",IFERROR(INDEX('Staff Directory'!$D$5:$D$594,MATCH($B12,'Staff Directory'!$A$5:$A$594,0)),"")) -> A5 | F12: Gloves - Small | G12: =IF($F12="","",IFERROR(INDEX(Items!$B$5:$B$597,MATCH($F12,Items!$A$5:$A$597,0)),"⚠ not in Items")) -> Gloves | H12: =IF($F12="","",IFERROR(INDEX(Items!$C$5:$C$597,MATCH($F12,Items!$A$5:$A$597,0)),"")) -> Small | I12: =IF($F12="","",IFERROR(INDEX(Items!$E$5:$E$597,MATCH($F12,Items!$A$5:$A$597,0)),"")) -> 500 | J12: =IF(tblIssues[[#This Row],[Qty Override]]<>"",tblIssues[[#This Row],[Qty Override]],IF(tblIssues[[#This Row],[Standard Issue]]="","",tblIssues[[#This Row],[Standard Issue]])) -> 500 | K12: =IF($F12="","",IFERROR(INDEX(Items!$D$5:$D$597,MATCH($F12,Items!$A$5:$A$597,0)),"")) -> 0.055 | L12: =IF(OR($J12="",$K12=""),"",$J12*$K12) -> 27.5 | M12: =IF($F12="","",IF($AI12<>"",$AI12,$AL12)) -> O210LIC25 | N12: =IF($A12="","",WORKDAY($A12,Settings!$C$9,HolidayDates)) -> 46121 | O12: =IF($N12="","",WORKDAY($N12,Settings!$C$10,HolidayDates)) -> 46161 | P12: Y | Q12: =IF($A12="","",IF($P12<>"","Collected","Pending")) -> Collected | R12: =IF($A12="","",TEXT($A12,"yyyy-mm")) -> 2026-04 | S12: =IF(OR($B12="",$F12="",$R12=""),"",SUMIFS(tblIssues[Qty Issued],tblIssues[Staff ID],$B12,tblIssues[Item Name],$F12,tblIssues[Month],$R12)) -> 500 | T12: =IF($I12="","",$I12*Settings!$C$11) -> 500 | U12: =IF(OR($S12="",$T12=""),"",IF($S12>$T12,IF($Y12="Approved","APPROVED BY TL","⚠ OVER QUOTA"),"OK")) -> OK | V12: =IF($U12="⚠ OVER QUOTA",$B12&" | "&$F12&" | "&$R12,"") | W12: =IF($V12="","",IF(COUNTIF($V$5:$V12,$V12)=1,1,"")) | X12: =IF($W12="","",MAX($X$4:X11)+1) | AA12: =IF($C12="","",IFERROR(INDEX('Staff Directory'!$E$5:$E$594,MATCH($C12,'Staff Directory'!$B$5:$B$594,0)),"")) -> firstname139.lastname139@example.com | AB12: =IF($C12="","",IF(ISNUMBER(SEARCH($D12,Settings!$C$15)),"Pickup","Dispatch")) -> Pickup | AC12: =IF($AB12="Pickup","Supply order ready for pickup",IF($AB12="Dispatch","Supply order dispatched","")) -> Supply order ready for pickup | AD12: =IF($AB12="Pickup","Dear "&$AH12&","&CHAR(10)&CHAR(10)&"Your order is ready for pickup from Sample Branch, Wed-Fri 9am-4pm.",IF($AB12="Dispatch","Dear "&$AH12&","&CHAR(10)&CHAR(10)&"Your order has been dispatched and is in transit. Reply if undelivered.","")) -> Dear PSW, Your order is ready for pickup from Sample Branch, Wed-Fri 9am-4pm. | AE12: =IF(OR($AA12="",$AC12=""),"","mailto:"&$AA12&"?subject="&_xlfn.ENCODEURL($AC12)&"&body="&_xlfn.ENCODEURL($AD12)) -> mailto:firstname139.lastname139@example.com?subject=Supply%20order%20ready%20for%20pickup&body=Dear%20PSW%2C%0A%0AYour%20order%20is%20ready%20for%20pickup%20from%20Sample%20Branch%2C%20Wed-Fri%209am-4pm. | AF12: =IF(AE12="","",HYPERLINK(AE12,"Draft email")) -> Draft email | AG12: =IF($C12="","",IFERROR(INDEX('Staff Directory'!$K$595:$K$599,MATCH($C12,'Staff Directory'!$B$5:$B$599,0)),$D12)) -> PSW | AH12: =IF($C12="","",IFERROR(INDEX('Staff Directory'!$I$595:$I$599,MATCH($C12,'Staff Directory'!$B$5:$B$599,0))&" "&INDEX('Staff Directory'!$J$595:$J$599,MATCH($C12,'Staff Directory'!$B$5:$B$599,0)),$AG12)) -> PSW | AI12: O210LIC25 | AJ12: =IF($F12="","",SUMIFS($J$5:$J12,$F$5:$F12,$F12)) -> 1000 | AK12: =IF($F12="","",MAX(1,$AJ12-MAX($J12,0)+1)) -> 501 | AL12: {=IF($F12="","",IFERROR(INDEX('Lot Balance'!$B$5:$B$500,MATCH(1,INDEX(('Lot Balance'!$A$5:$A$500=$F12)*('Lot Balance'!$K$5:$K$500<$AK12)*('Lot Balance'!$K$5:$K$500+'Lot Balance'!$D$5:$D$500>=$AK12),0),0)),""))} -> ZIM512142069 | AM12: {=IF($F12="","",IFERROR(INDEX('Lot Balance'!$B$5:$B$500,MATCH(1,INDEX(('Lot Balance'!$A$5:$A$500=$F12)*('Lot Balance'!$K$5:$K$500<$AJ12)*('Lot Balance'!$K$5:$K$500+'Lot Balance'!$D$5:$D$500>=$AJ12),0),0)),""))} -> ZIM512142069 | AN12: =IF($F12="","",IF($AI12<>"",IF(COUNTIFS('Lot Balance'!$A$5:$A$500,$F12,'Lot Balance'!$B$5:$B$500,$AI12)=0,"⚠ override is not a lot of this item",IF($AI12=$AL12,"Override = FEFO","Override - FEFO says "&$AL12)),IF($AL12="","⚠ no receipt on file for this item",IF($AM12<>$AL12,"FEFO auto - split, also "&$AM12,"FEFO auto")))) -> Override - FEFO says ZIM512142069
A13: 46113 | B13: =IF($C13="","",IFERROR(INDEX('Staff Directory'!$A$5:$A$594,MATCH($C13,'Staff Directory'!$B$5:$B$594,0)),"⚠ unknown staff")) -> PSW-079-A5 | C13: Lastname139, Firstname139 | D13: =IF($B13="","",IFERROR(INDEX('Staff Directory'!$C$5:$C$594,MATCH($B13,'Staff Directory'!$A$5:$A$594,0)),"")) -> PSW | E13: =IF($B13="","",IFERROR(INDEX('Staff Directory'!$D$5:$D$594,MATCH($B13,'Staff Directory'!$A$5:$A$594,0)),"")) -> A5 | F13: Disinfectant Wipes | G13: =IF($F13="","",IFERROR(INDEX(Items!$B$5:$B$597,MATCH($F13,Items!$A$5:$A$597,0)),"⚠ not in Items")) -> Wipes | H13: =IF($F13="","",IFERROR(INDEX(Items!$C$5:$C$597,MATCH($F13,Items!$A$5:$A$597,0)),"")) -> 80 | I13: =IF($F13="","",IFERROR(INDEX(Items!$E$5:$E$597,MATCH($F13,Items!$A$5:$A$597,0)),"")) -> 80 | J13: =IF(tblIssues[[#This Row],[Qty Override]]<>"",tblIssues[[#This Row],[Qty Override]],IF(tblIssues[[#This Row],[Standard Issue]]="","",tblIssues[[#This Row],[Standard Issue]])) -> 80 | K13: =IF($F13="","",IFERROR(INDEX(Items!$D$5:$D$597,MATCH($F13,Items!$A$5:$A$597,0)),"")) -> 0.1 | L13: =IF(OR($J13="",$K13=""),"",$J13*$K13) -> 8 | M13: =IF($F13="","",IF($AI13<>"",$AI13,$AL13)) -> LYSL500290 | N13: =IF($A13="","",WORKDAY($A13,Settings!$C$9,HolidayDates)) -> 46121 | O13: =IF($N13="","",WORKDAY($N13,Settings!$C$10,HolidayDates)) -> 46161 | P13: Y | Q13: =IF($A13="","",IF($P13<>"","Collected","Pending")) -> Collected | R13: =IF($A13="","",TEXT($A13,"yyyy-mm")) -> 2026-04 | S13: =IF(OR($B13="",$F13="",$R13=""),"",SUMIFS(tblIssues[Qty Issued],tblIssues[Staff ID],$B13,tblIssues[Item Name],$F13,tblIssues[Month],$R13)) -> 80 | T13: =IF($I13="","",$I13*Settings!$C$11) -> 80 | U13: =IF(OR($S13="",$T13=""),"",IF($S13>$T13,IF($Y13="Approved","APPROVED BY TL","⚠ OVER QUOTA"),"OK")) -> OK | V13: =IF($U13="⚠ OVER QUOTA",$B13&" | "&$F13&" | "&$R13,"") | W13: =IF($V13="","",IF(COUNTIF($V$5:$V13,$V13)=1,1,"")) | X13: =IF($W13="","",MAX($X$4:X12)+1) | AA13: =IF($C13="","",IFERROR(INDEX('Staff Directory'!$E$5:$E$594,MATCH($C13,'Staff Directory'!$B$5:$B$594,0)),"")) -> firstname139.lastname139@example.com | AB13: =IF($C13="","",IF(ISNUMBER(SEARCH($D13,Settings!$C$15)),"Pickup","Dispatch")) -> Pickup | AC13: =IF($AB13="Pickup","Supply order ready for pickup",IF($AB13="Dispatch","Supply order dispatched","")) -> Supply order ready for pickup | AD13: =IF($AB13="Pickup","Dear "&$AH13&","&CHAR(10)&CHAR(10)&"Your order is ready for pickup from Sample Branch, Wed-Fri 9am-4pm.",IF($AB13="Dispatch","Dear "&$AH13&","&CHAR(10)&CHAR(10)&"Your order has been dispatched and is in transit. Reply if undelivered.","")) -> Dear PSW, Your order is ready for pickup from Sample Branch, Wed-Fri 9am-4pm. | AE13: =IF(OR($AA13="",$AC13=""),"","mailto:"&$AA13&"?subject="&_xlfn.ENCODEURL($AC13)&"&body="&_xlfn.ENCODEURL($AD13)) -> mailto:firstname139.lastname139@example.com?subject=Supply%20order%20ready%20for%20pickup&body=Dear%20PSW%2C%0A%0AYour%20order%20is%20ready%20for%20pickup%20from%20Sample%20Branch%2C%20Wed-Fri%209am-4pm. | AF13: =IF(AE13="","",HYPERLINK(AE13,"Draft email")) -> Draft email | AG13: =IF($C13="","",IFERROR(INDEX('Staff Directory'!$K$595:$K$599,MATCH($C13,'Staff Directory'!$B$5:$B$599,0)),$D13)) -> PSW | AH13: =IF($C13="","",IFERROR(INDEX('Staff Directory'!$I$595:$I$599,MATCH($C13,'Staff Directory'!$B$5:$B$599,0))&" "&INDEX('Staff Directory'!$J$595:$J$599,MATCH($C13,'Staff Directory'!$B$5:$B$599,0)),$AG13)) -> PSW | AI13: LYSL500290 | AJ13: =IF($F13="","",SUMIFS($J$5:$J13,$F$5:$F13,$F13)) -> 160 | AK13: =IF($F13="","",MAX(1,$AJ13-MAX($J13,0)+1)) -> 81 | AL13: {=IF($F13="","",IFERROR(INDEX('Lot Balance'!$B$5:$B$500,MATCH(1,INDEX(('Lot Balance'!$A$5:$A$500=$F13)*('Lot Balance'!$K$5:$K$500<$AK13)*('Lot Balance'!$K$5:$K$500+'Lot Balance'!$D$5:$D$500>=$AK13),0),0)),""))} -> LYSL500290 | AM13: {=IF($F13="","",IFERROR(INDEX('Lot Balance'!$B$5:$B$500,MATCH(1,INDEX(('Lot Balance'!$A$5:$A$500=$F13)*('Lot Balance'!$K$5:$K$500<$AJ13)*('Lot Balance'!$K$5:$K$500+'Lot Balance'!$D$5:$D$500>=$AJ13),0),0)),""))} -> LYSL500290 | AN13: =IF($F13="","",IF($AI13<>"",IF(COUNTIFS('Lot Balance'!$A$5:$A$500,$F13,'Lot Balance'!$B$5:$B$500,$AI13)=0,"⚠ override is not a lot of this item",IF($AI13=$AL13,"Override = FEFO","Override - FEFO says "&$AL13)),IF($AL13="","⚠ no receipt on file for this item",IF($AM13<>$AL13,"FEFO auto - split, also "&$AM13,"FEFO auto")))) -> Override = FEFO
A14: 46113 | B14: =IF($C14="","",IFERROR(INDEX('Staff Directory'!$A$5:$A$594,MATCH($C14,'Staff Directory'!$B$5:$B$594,0)),"⚠ unknown staff")) -> PSW-018-A5 | C14: Lastname078, Firstname078 | D14: =IF($B14="","",IFERROR(INDEX('Staff Directory'!$C$5:$C$594,MATCH($B14,'Staff Directory'!$A$5:$A$594,0)),"")) -> PSW | E14: =IF($B14="","",IFERROR(INDEX('Staff Directory'!$D$5:$D$594,MATCH($B14,'Staff Directory'!$A$5:$A$594,0)),"")) -> A5 | F14: Gloves - Medium | G14: =IF($F14="","",IFERROR(INDEX(Items!$B$5:$B$597,MATCH($F14,Items!$A$5:$A$597,0)),"⚠ not in Items")) -> Gloves | H14: =IF($F14="","",IFERROR(INDEX(Items!$C$5:$C$597,MATCH($F14,Items!$A$5:$A$597,0)),"")) -> Medium | I14: =IF($F14="","",IFERROR(INDEX(Items!$E$5:$E$597,MATCH($F14,Items!$A$5:$A$597,0)),"")) -> 500 | J14: =IF(tblIssues[[#This Row],[Qty Override]]<>"",tblIssues[[#This Row],[Qty Override]],IF(tblIssues[[#This Row],[Standard Issue]]="","",tblIssues[[#This Row],[Standard Issue]])) -> 500 | K14: =IF($F14="","",IFERROR(INDEX(Items!$D$5:$D$597,MATCH($F14,Items!$A$5:$A$597,0)),"")) -> 0.055 | L14: =IF(OR($J14="",$K14=""),"",$J14*$K14) -> 27.5 | M14: =IF($F14="","",IF($AI14<>"",$AI14,$AL14)) -> O17104 | N14: =IF($A14="","",WORKDAY($A14,Settings!$C$9,HolidayDates)) -> 46121 | O14: =IF($N14="","",WORKDAY($N14,Settings!$C$10,HolidayDates)) -> 46161 | P14: Y | Q14: =IF($A14="","",IF($P14<>"","Collected","Pending")) -> Collected | R14: =IF($A14="","",TEXT($A14,"yyyy-mm")) -> 2026-04 | S14: =IF(OR($B14="",$F14="",$R14=""),"",SUMIFS(tblIssues[Qty Issued],tblIssues[Staff ID],$B14,tblIssues[Item Name],$F14,tblIssues[Month],$R14)) -> 500 | T14: =IF($I14="","",$I14*Settings!$C$11) -> 500 | U14: =IF(OR($S14="",$T14=""),"",IF($S14>$T14,IF($Y14="Approved","APPROVED BY TL","⚠ OVER QUOTA"),"OK")) -> OK | V14: =IF($U14="⚠ OVER QUOTA",$B14&" | "&$F14&" | "&$R14,"") | W14: =IF($V14="","",IF(COUNTIF($V$5:$V14,$V14)=1,1,"")) | X14: =IF($W14="","",MAX($X$4:X13)+1) | AA14: =IF($C14="","",IFERROR(INDEX('Staff Directory'!$E$5:$E$594,MATCH($C14,'Staff Directory'!$B$5:$B$594,0)),"")) -> firstname078.lastname078@example.com | AB14: =IF($C14="","",IF(ISNUMBER(SEARCH($D14,Settings!$C$15)),"Pickup","Dispatch")) -> Pickup | AC14: =IF($AB14="Pickup","Supply order ready for pickup",IF($AB14="Dispatch","Supply order dispatched","")) -> Supply order ready for pickup | AD14: =IF($AB14="Pickup","Dear "&$AH14&","&CHAR(10)&CHAR(10)&"Your order is ready for pickup from Sample Branch, Wed-Fri 9am-4pm.",IF($AB14="Dispatch","Dear "&$AH14&","&CHAR(10)&CHAR(10)&"Your order has been dispatched and is in transit. Reply if undelivered.","")) -> Dear PSW, Your order is ready for pickup from Sample Branch, Wed-Fri 9am-4pm. | AE14: =IF(OR($AA14="",$AC14=""),"","mailto:"&$AA14&"?subject="&_xlfn.ENCODEURL($AC14)&"&body="&_xlfn.ENCODEURL($AD14)) -> mailto:firstname078.lastname078@example.com?subject=Supply%20order%20ready%20for%20pickup&body=Dear%20PSW%2C%0A%0AYour%20order%20is%20ready%20for%20pickup%20from%20Sample%20Branch%2C%20Wed-Fri%209am-4pm. | AF14: =IF(AE14="","",HYPERLINK(AE14,"Draft email")) -> Draft email | AG14: =IF($C14="","",IFERROR(INDEX('Staff Directory'!$K$595:$K$599,MATCH($C14,'Staff Directory'!$B$5:$B$599,0)),$D14)) -> PSW | AH14: =IF($C14="","",IFERROR(INDEX('Staff Directory'!$I$595:$I$599,MATCH($C14,'Staff Directory'!$B$5:$B$599,0))&" "&INDEX('Staff Directory'!$J$595:$J$599,MATCH($C14,'Staff Directory'!$B$5:$B$599,0)),$AG14)) -> PSW | AI14: O17104 | AJ14: =IF($F14="","",SUMIFS($J$5:$J14,$F$5:$F14,$F14)) -> 1000 | AK14: =IF($F14="","",MAX(1,$AJ14-MAX($J14,0)+1)) -> 501 | AL14: {=IF($F14="","",IFERROR(INDEX('Lot Balance'!$B$5:$B$500,MATCH(1,INDEX(('Lot Balance'!$A$5:$A$500=$F14)*('Lot Balance'!$K$5:$K$500<$AK14)*('Lot Balance'!$K$5:$K$500+'Lot Balance'!$D$5:$D$500>=$AK14),0),0)),""))} -> O17104 | AM14: {=IF($F14="","",IFERROR(INDEX('Lot Balance'!$B$5:$B$500,MATCH(1,INDEX(('Lot Balance'!$A$5:$A$500=$F14)*('Lot Balance'!$K$5:$K$500<$AJ14)*('Lot Balance'!$K$5:$K$500+'Lot Balance'!$D$5:$D$500>=$AJ14),0),0)),""))} -> O17104 | AN14: =IF($F14="","",IF($AI14<>"",IF(COUNTIFS('Lot Balance'!$A$5:$A$500,$F14,'Lot Balance'!$B$5:$B$500,$AI14)=0,"⚠ override is not a lot of this item",IF($AI14=$AL14,"Override = FEFO","Override - FEFO says "&$AL14)),IF($AL14="","⚠ no receipt on file for this item",IF($AM14<>$AL14,"FEFO auto - split, also "&$AM14,"FEFO auto")))) -> Override = FEFO
A15: 46113 | B15: =IF($C15="","",IFERROR(INDEX('Staff Directory'!$A$5:$A$594,MATCH($C15,'Staff Directory'!$B$5:$B$594,0)),"⚠ unknown staff")) -> PSW-018-A5 | C15: Lastname078, Firstname078 | D15: =IF($B15="","",IFERROR(INDEX('Staff Directory'!$C$5:$C$594,MATCH($B15,'Staff Directory'!$A$5:$A$594,0)),"")) -> PSW | E15: =IF($B15="","",IFERROR(INDEX('Staff Directory'!$D$5:$D$594,MATCH($B15,'Staff Directory'!$A$5:$A$594,0)),"")) -> A5 | F15: Hand Sanitizer | G15: =IF($F15="","",IFERROR(INDEX(Items!$B$5:$B$597,MATCH($F15,Items!$A$5:$A$597,0)),"⚠ not in Items")) -> Sanitizer | H15: =IF($F15="","",IFERROR(INDEX(Items!$C$5:$C$597,MATCH($F15,Items!$A$5:$A$597,0)),"")) -> 118 ML | I15: =IF($F15="","",IFERROR(INDEX(Items!$E$5:$E$597,MATCH($F15,Items!$A$5:$A$597,0)),"")) -> 2 | J15: =IF(tblIssues[[#This Row],[Qty Override]]<>"",tblIssues[[#This Row],[Qty Override]],IF(tblIssues[[#This Row],[Standard Issue]]="","",tblIssues[[#This Row],[Standard Issue]])) -> 2 | K15: =IF($F15="","",IFERROR(INDEX(Items!$D$5:$D$597,MATCH($F15,Items!$A$5:$A$597,0)),"")) -> 4.49 | L15: =IF(OR($J15="",$K15=""),"",$J15*$K15) -> 8.98 | M15: =IF($F15="","",IF($AI15<>"",$AI15,$AL15)) -> 563963-5 | N15: =IF($A15="","",WORKDAY($A15,Settings!$C$9,HolidayDates)) -> 46121 | O15: =IF($N15="","",WORKDAY($N15,Settings!$C$10,HolidayDates)) -> 46161 | P15: Y | Q15: =IF($A15="","",IF($P15<>"","Collected","Pending")) -> Collected | R15: =IF($A15="","",TEXT($A15,"yyyy-mm")) -> 2026-04 | S15: =IF(OR($B15="",$F15="",$R15=""),"",SUMIFS(tblIssues[Qty Issued],tblIssues[Staff ID],$B15,tblIssues[Item Name],$F15,tblIssues[Month],$R15)) -> 2 | T15: =IF($I15="","",$I15*Settings!$C$11) -> 2 | U15: =IF(OR($S15="",$T15=""),"",IF($S15>$T15,IF($Y15="Approved","APPROVED BY TL","⚠ OVER QUOTA"),"OK")) -> OK | V15: =IF($U15="⚠ OVER QUOTA",$B15&" | "&$F15&" | "&$R15,"") | W15: =IF($V15="","",IF(COUNTIF($V$5:$V15,$V15)=1,1,"")) | X15: =IF($W15="","",MAX($X$4:X14)+1) | AA15: =IF($C15="","",IFERROR(INDEX('Staff Directory'!$E$5:$E$594,MATCH($C15,'Staff Directory'!$B$5:$B$594,0)),"")) -> firstname078.lastname078@example.com | AB15: =IF($C15="","",IF(ISNUMBER(SEARCH($D15,Settings!$C$15)),"Pickup","Dispatch")) -> Pickup | AC15: =IF($AB15="Pickup","Supply order ready for pickup",IF($AB15="Dispatch","Supply order dispatched","")) -> Supply order ready for pickup | AD15: =IF($AB15="Pickup","Dear "&$AH15&","&CHAR(10)&CHAR(10)&"Your order is ready for pickup from Sample Branch, Wed-Fri 9am-4pm.",IF($AB15="Dispatch","Dear "&$AH15&","&CHAR(10)&CHAR(10)&"Your order has been dispatched and is in transit. Reply if undelivered.","")) -> Dear PSW, Your order is ready for pickup from Sample Branch, Wed-Fri 9am-4pm. | AE15: =IF(OR($AA15="",$AC15=""),"","mailto:"&$AA15&"?subject="&_xlfn.ENCODEURL($AC15)&"&body="&_xlfn.ENCODEURL($AD15)) -> mailto:firstname078.lastname078@example.com?subject=Supply%20order%20ready%20for%20pickup&body=Dear%20PSW%2C%0A%0AYour%20order%20is%20ready%20for%20pickup%20from%20Sample%20Branch%2C%20Wed-Fri%209am-4pm. | AF15: =IF(AE15="","",HYPERLINK(AE15,"Draft email")) -> Draft email | AG15: =IF($C15="","",IFERROR(INDEX('Staff Directory'!$K$595:$K$599,MATCH($C15,'Staff Directory'!$B$5:$B$599,0)),$D15)) -> PSW | AH15: =IF($C15="","",IFERROR(INDEX('Staff Directory'!$I$595:$I$599,MATCH($C15,'Staff Directory'!$B$5:$B$599,0))&" "&INDEX('Staff Directory'!$J$595:$J$599,MATCH($C15,'Staff Directory'!$B$5:$B$599,0)),$AG15)) -> PSW | AI15: 563963-5 | AJ15: =IF($F15="","",SUMIFS($J$5:$J15,$F$5:$F15,$F15)) -> 4 | AK15: =IF($F15="","",MAX(1,$AJ15-MAX($J15,0)+1)) -> 3 | AL15: {=IF($F15="","",IFERROR(INDEX('Lot Balance'!$B$5:$B$500,MATCH(1,INDEX(('Lot Balance'!$A$5:$A$500=$F15)*('Lot Balance'!$K$5:$K$500<$AK15)*('Lot Balance'!$K$5:$K$500+'Lot Balance'!$D$5:$D$500>=$AK15),0),0)),""))} -> 563963-4 | AM15: {=IF($F15="","",IFERROR(INDEX('Lot Balance'!$B$5:$B$500,MATCH(1,INDEX(('Lot Balance'!$A$5:$A$500=$F15)*('Lot Balance'!$K$5:$K$500<$AJ15)*('Lot Balance'!$K$5:$K$500+'Lot Balance'!$D$5:$D$500>=$AJ15),0),0)),""))} -> 563963-4 | AN15: =IF($F15="","",IF($AI15<>"",IF(COUNTIFS('Lot Balance'!$A$5:$A$500,$F15,'Lot Balance'!$B$5:$B$500,$AI15)=0,"⚠ override is not a lot of this item",IF($AI15=$AL15,"Override = FEFO","Override - FEFO says "&$AL15)),IF($AL15="","⚠ no receipt on file for this item",IF($AM15<>$AL15,"FEFO auto - split, also "&$AM15,"FEFO auto")))) -> Override - FEFO says 563963-4
A16: 46113 | B16: =IF($C16="","",IFERROR(INDEX('Staff Directory'!$A$5:$A$594,MATCH($C16,'Staff Directory'!$B$5:$B$594,0)),"⚠ unknown staff")) -> PSW-018-A5 | C16: Lastname078, Firstname078 | D16: =IF($B16="","",IFERROR(INDEX('Staff Directory'!$C$5:$C$594,MATCH($B16,'Staff Directory'!$A$5:$A$594,0)),"")) -> PSW | E16: =IF($B16="","",IFERROR(INDEX('Staff Directory'!$D$5:$D$594,MATCH($B16,'Staff Directory'!$A$5:$A$594,0)),"")) -> A5 | F16: Surgical Masks | G16: =IF($F16="","",IFERROR(INDEX(Items!$B$5:$B$597,MATCH($F16,Items!$A$5:$A$597,0)),"⚠ not in Items")) -> Masks | H16: =IF($F16="","",IFERROR(INDEX(Items!$C$5:$C$597,MATCH($F16,Items!$A$5:$A$597,0)),"")) -> One Size | I16: =IF($F16="","",IFERROR(INDEX(Items!$E$5:$E$597,MATCH($F16,Items!$A$5:$A$597,0)),"")) -> 50 | J16: =IF(tblIssues[[#This Row],[Qty Override]]<>"",tblIssues[[#This Row],[Qty Override]],IF(tblIssues[[#This Row],[Standard Issue]]="","",tblIssues[[#This Row],[Standard Issue]])) -> 50 | K16: =IF($F16="","",IFERROR(INDEX(Items!$D$5:$D$597,MATCH($F16,Items!$A$5:$A$597,0)),"")) -> 0.25 | L16: =IF(OR($J16="",$K16=""),"",$J16*$K16) -> 12.5 | M16: =IF($F16="","",IF($AI16<>"",$AI16,$AL16)) -> 0125FPC24-0 | N16: =IF($A16="","",WORKDAY($A16,Settings!$C$9,HolidayDates)) -> 46121 | O16: =IF($N16="","",WORKDAY($N16,Settings!$C$10,HolidayDates)) -> 46161 | P16: Y | Q16: =IF($A16="","",IF($P16<>"","Collected","Pending")) -> Collected | R16: =IF($A16="","",TEXT($A16,"yyyy-mm")) -> 2026-04 | S16: =IF(OR($B16="",$F16="",$R16=""),"",SUMIFS(tblIssues[Qty Issued],tblIssues[Staff ID],$B16,tblIssues[Item Name],$F16,tblIssues[Month],$R16)) -> 50 | T16: =IF($I16="","",$I16*Settings!$C$11) -> 50 | U16: =IF(OR($S16="",$T16=""),"",IF($S16>$T16,IF($Y16="Approved","APPROVED BY TL","⚠ OVER QUOTA"),"OK")) -> OK | V16: =IF($U16="⚠ OVER QUOTA",$B16&" | "&$F16&" | "&$R16,"") | W16: =IF($V16="","",IF(COUNTIF($V$5:$V16,$V16)=1,1,"")) | X16: =IF($W16="","",MAX($X$4:X15)+1) | AA16: =IF($C16="","",IFERROR(INDEX('Staff Directory'!$E$5:$E$594,MATCH($C16,'Staff Directory'!$B$5:$B$594,0)),"")) -> firstname078.lastname078@example.com | AB16: =IF($C16="","",IF(ISNUMBER(SEARCH($D16,Settings!$C$15)),"Pickup","Dispatch")) -> Pickup | AC16: =IF($AB16="Pickup","Supply order ready for pickup",IF($AB16="Dispatch","Supply order dispatched","")) -> Supply order ready for pickup | AD16: =IF($AB16="Pickup","Dear "&$AH16&","&CHAR(10)&CHAR(10)&"Your order is ready for pickup from Sample Branch, Wed-Fri 9am-4pm.",IF($AB16="Dispatch","Dear "&$AH16&","&CHAR(10)&CHAR(10)&"Your order has been dispatched and is in transit. Reply if undelivered.","")) -> Dear PSW, Your order is ready for pickup from Sample Branch, Wed-Fri 9am-4pm. | AE16: =IF(OR($AA16="",$AC16=""),"","mailto:"&$AA16&"?subject="&_xlfn.ENCODEURL($AC16)&"&body="&_xlfn.ENCODEURL($AD16)) -> mailto:firstname078.lastname078@example.com?subject=Supply%20order%20ready%20for%20pickup&body=Dear%20PSW%2C%0A%0AYour%20order%20is%20ready%20for%20pickup%20from%20Sample%20Branch%2C%20Wed-Fri%209am-4pm. | AF16: =IF(AE16="","",HYPERLINK(AE16,"Draft email")) -> Draft email | AG16: =IF($C16="","",IFERROR(INDEX('Staff Directory'!$K$595:$K$599,MATCH($C16,'Staff Directory'!$B$5:$B$599,0)),$D16)) -> PSW | AH16: =IF($C16="","",IFERROR(INDEX('Staff Directory'!$I$595:$I$599,MATCH($C16,'Staff Directory'!$B$5:$B$599,0))&" "&INDEX('Staff Directory'!$J$595:$J$599,MATCH($C16,'Staff Directory'!$B$5:$B$599,0)),$AG16)) -> PSW | AI16: 0125FPC24-0 | AJ16: =IF($F16="","",SUMIFS($J$5:$J16,$F$5:$F16,$F16)) -> 150 | AK16: =IF($F16="","",MAX(1,$AJ16-MAX($J16,0)+1)) -> 101 | AL16: {=IF($F16="","",IFERROR(INDEX('Lot Balance'!$B$5:$B$500,MATCH(1,INDEX(('Lot Balance'!$A$5:$A$500=$F16)*('Lot Balance'!$K$5:$K$500<$AK16)*('Lot Balance'!$K$5:$K$500+'Lot Balance'!$D$5:$D$500>=$AK16),0),0)),""))} -> 0125FPC24-0 | AM16: {=IF($F16="","",IFERROR(INDEX('Lot Balance'!$B$5:$B$500,MATCH(1,INDEX(('Lot Balance'!$A$5:$A$500=$F16)*('Lot Balance'!$K$5:$K$500<$AJ16)*('Lot Balance'!$K$5:$K$500+'Lot Balance'!$D$5:$D$500>=$AJ16),0),0)),""))} -> 0125FPC24-0 | AN16: =IF($F16="","",IF($AI16<>"",IF(COUNTIFS('Lot Balance'!$A$5:$A$500,$F16,'Lot Balance'!$B$5:$B$500,$AI16)=0,"⚠ override is not a lot of this item",IF($AI16=$AL16,"Override = FEFO","Override - FEFO says "&$AL16)),IF($AL16="","⚠ no receipt on file for this item",IF($AM16<>$AL16,"FEFO auto - split, also "&$AM16,"FEFO auto")))) -> Override = FEFO
... A39: 46113 | B39: =IF($C39="","",IFERROR(INDEX('Staff Directory'!$A$5:$A$594,MATCH($C39,'Staff Directory'!$B$5:$B$594,0)),"⚠ unknown staff")) -> PSW-171-A4 | C39: Lastname234, Firstname234 | D39: =IF($B39="","",IFERROR(INDEX('Staff Directory'!$C$5:$C$594,MATCH($B39,'Staff Directory'!$A$5:$A$594,0)),"")) -> PSW | E39: =IF($B39="","",IFERROR(INDEX('Staff Directory'!$D$5:$D$594,MATCH($B39,'Staff Directory'!$A$5:$A$594,0)),"")) -> A4 | F39: Surgical Masks | G39: =IF($F39="","",IFERROR(INDEX(Items!$B$5:$B$597,MATCH($F39,Items!$A$5:$A$597,0)),"⚠ not in Items")) -> Masks | H39: =IF($F39="","",IFERROR(INDEX(Items!$C$5:$C$597,MATCH($F39,Items!$A$5:$A$597,0)),"")) -> One Size | I39: =IF($F39="","",IFERROR(INDEX(Items!$E$5:$E$597,MATCH($F39,Items!$A$5:$A$597,0)),"")) -> 50 | J39: =IF(tblIssues[[#This Row],[Qty Override]]<>"",tblIssues[[#This Row],[Qty Override]],IF(tblIssues[[#This Row],[Standard Issue]]="","",tblIssues[[#This Row],[Standard Issue]])) -> 50 | K39: =IF($F39="","",IFERROR(INDEX(Items!$D$5:$D$597,MATCH($F39,Items!$A$5:$A$597,0)),"")) -> 0.25 | L39: =IF(OR($J39="",$K39=""),"",$J39*$K39) -> 12.5 | M39: =IF($F39="","",IF($AI39<>"",$AI39,$AL39)) -> 0125FPC24-0 | N39: =IF($A39="","",WORKDAY($A39,Settings!$C$9,HolidayDates)) -> 46121 | O39: =IF($N39="","",WORKDAY($N39,Settings!$C$10,HolidayDates)) -> 46161 | P39: Y | Q39: =IF($A39="","",IF($P39<>"","Collected","Pending")) -> Collected | R39: =IF($A39="","",TEXT($A39,"yyyy-mm")) -> 2026-04 | S39: =IF(OR($B39="",$F39="",$R39=""),"",SUMIFS(tblIssues[Qty Issued],tblIssues[Staff ID],$B39,tblIssues[Item Name],$F39,tblIssues[Month],$R39)) -> 50 | T39: =IF($I39="","",$I39*Settings!$C$11) -> 50 | U39: =IF(OR($S39="",$T39=""),"",IF($S39>$T39,IF($Y39="Approved","APPROVED BY TL","⚠ OVER QUOTA"),"OK")) -> OK | V39: =IF($U39="⚠ OVER QUOTA",$B39&" | "&$F39&" | "&$R39,"") | W39: =IF($V39="","",IF(COUNTIF($V$5:$V39,$V39)=1,1,"")) | X39: =IF($W39="","",MAX($X$4:X38)+1) | AA39: =IF($C39="","",IFERROR(INDEX('Staff Directory'!$E$5:$E$594,MATCH($C39,'Staff Directory'!$B$5:$B$594,0)),"")) -> firstname234.lastname234@example.com | AB39: =IF($C39="","",IF(ISNUMBER(SEARCH($D39,Settings!$C$15)),"Pickup","Dispatch")) -> Pickup | AC39: =IF($AB39="Pickup","Supply order ready for pickup",IF($AB39="Dispatch","Supply order dispatched","")) -> Supply order ready for pickup | AD39: =IF($AB39="Pickup","Dear "&$AH39&","&CHAR(10)&CHAR(10)&"Your order is ready for pickup from Sample Branch, Wed-Fri 9am-4pm.",IF($AB39="Dispatch","Dear "&$AH39&","&CHAR(10)&CHAR(10)&"Your order has been dispatched and is in transit. Reply if undelivered.","")) -> Dear PSW, Your order is ready for pickup from Sample Branch, Wed-Fri 9am-4pm. | AE39: =IF(OR($AA39="",$AC39=""),"","mailto:"&$AA39&"?subject="&_xlfn.ENCODEURL($AC39)&"&body="&_xlfn.ENCODEURL($AD39)) -> mailto:firstname234.lastname234@example.com?subject=Supply%20order%20ready%20for%20pickup&body=Dear%20PSW%2C%0A%0AYour%20order%20is%20ready%20for%20pickup%20from%20Sample%20Branch%2C%20Wed-Fri%209am-4pm. | AF39: =IF(AE39="","",HYPERLINK(AE39,"Draft email")) -> Draft email | AG39: =IF($C39="","",IFERROR(INDEX('Staff Directory'!$K$595:$K$599,MATCH($C39,'Staff Directory'!$B$5:$B$599,0)),$D39)) -> PSW | AH39: =IF($C39="","",IFERROR(INDEX('Staff Directory'!$I$595:$I$599,MATCH($C39,'Staff Directory'!$B$5:$B$599,0))&" "&INDEX('Staff Directory'!$J$595:$J$599,MATCH($C39,'Staff Directory'!$B$5:$B$599,0)),$AG39)) -> PSW | AI39: 0125FPC24-0 | AJ39: =IF($F39="","",SUMIFS($J$5:$J39,$F$5:$F39,$F39)) -> 400 | AK39: =IF($F39="","",MAX(1,$AJ39-MAX($J39,0)+1)) -> 351 | AL39: {=IF($F39="","",IFERROR(INDEX('Lot Balance'!$B$5:$B$500,MATCH(1,INDEX(('Lot Balance'!$A$5:$A$500=$F39)*('Lot Balance'!$K$5:$K$500<$AK39)*('Lot Balance'!$K$5:$K$500+'Lot Balance'!$D$5:$D$500>=$AK39),0),0)),""))} -> 0125FPC24-0 | AM39: {=IF($F39="","",IFERROR(INDEX('Lot Balance'!$B$5:$B$500,MATCH(1,INDEX(('Lot Balance'!$A$5:$A$500=$F39)*('Lot Balance'!$K$5:$K$500<$AJ39)*('Lot Balance'!$K$5:$K$500+'Lot Balance'!$D$5:$D$500>=$AJ39),0),0)),""))} -> 0125FPC24-0 | AN39: =IF($F39="","",IF($AI39<>"",IF(COUNTIFS('Lot Balance'!$A$5:$A$500,$F39,'Lot Balance'!$B$5:$B$500,$AI39)=0,"⚠ override is not a lot of this item",IF($AI39=$AL39,"Override = FEFO","Override - FEFO says "&$AL39)),IF($AL39="","⚠ no receipt on file for this item",IF($AM39<>$AL39,"FEFO auto - split, also "&$AM39,"FEFO auto")))) -> Override = FEFO
A40: 46113 | B40: =IF($C40="","",IFERROR(INDEX('Staff Directory'!$A$5:$A$594,MATCH($C40,'Staff Directory'!$B$5:$B$594,0)),"⚠ unknown staff")) -> TL/RPN-001-A8 | C40: Lastname105, Firstname105 | D40: =IF($B40="","",IFERROR(INDEX('Staff Directory'!$C$5:$C$594,MATCH($B40,'Staff Directory'!$A$5:$A$594,0)),"")) -> TL/RPN | E40: =IF($B40="","",IFERROR(INDEX('Staff Directory'!$D$5:$D$594,MATCH($B40,'Staff Directory'!$A$5:$A$594,0)),"")) -> A8 | F40: Disinfectant Wipes | G40: =IF($F40="","",IFERROR(INDEX(Items!$B$5:$B$597,MATCH($F40,Items!$A$5:$A$597,0)),"⚠ not in Items")) -> Wipes | H40: =IF($F40="","",IFERROR(INDEX(Items!$C$5:$C$597,MATCH($F40,Items!$A$5:$A$597,0)),"")) -> 80 | I40: =IF($F40="","",IFERROR(INDEX(Items!$E$5:$E$597,MATCH($F40,Items!$A$5:$A$597,0)),"")) -> 80 | J40: =IF(tblIssues[[#This Row],[Qty Override]]<>"",tblIssues[[#This Row],[Qty Override]],IF(tblIssues[[#This Row],[Standard Issue]]="","",tblIssues[[#This Row],[Standard Issue]])) -> 240 | K40: =IF($F40="","",IFERROR(INDEX(Items!$D$5:$D$597,MATCH($F40,Items!$A$5:$A$597,0)),"")) -> 0.1 | L40: =IF(OR($J40="",$K40=""),"",$J40*$K40) -> 24 | M40: =IF($F40="","",IF($AI40<>"",$AI40,$AL40)) -> LYSL500290 | N40: =IF($A40="","",WORKDAY($A40,Settings!$C$9,HolidayDates)) -> 46121 | O40: =IF($N40="","",WORKDAY($N40,Settings!$C$10,HolidayDates)) -> 46161 | P40: Y | Q40: =IF($A40="","",IF($P40<>"","Collected","Pending")) -> Collected | R40: =IF($A40="","",TEXT($A40,"yyyy-mm")) -> 2026-04 | S40: =IF(OR($B40="",$F40="",$R40=""),"",SUMIFS(tblIssues[Qty Issued],tblIssues[Staff ID],$B40,tblIssues[Item Name],$F40,tblIssues[Month],$R40)) -> 240 | T40: =IF($I40="","",$I40*Settings!$C$11) -> 80 | U40: =IF(OR($S40="",$T40=""),"",IF($S40>$T40,IF($Y40="Approved","APPROVED BY TL","⚠ OVER QUOTA"),"OK")) -> APPROVED BY TL | V40: =IF($U40="⚠ OVER QUOTA",$B40&" | "&$F40&" | "&$R40,"") | W40: =IF($V40="","",IF(COUNTIF($V$5:$V40,$V40)=1,1,"")) | X40: =IF($W40="","",MAX($X$4:X39)+1) | Y40: Approved | AA40: =IF($C40="","",IFERROR(INDEX('Staff Directory'!$E$5:$E$594,MATCH($C40,'Staff Directory'!$B$5:$B$594,0)),"")) -> firstname105.lastname105@example.com | AB40: =IF($C40="","",IF(ISNUMBER(SEARCH($D40,Settings!$C$15)),"Pickup","Dispatch")) -> Dispatch | AC40: =IF($AB40="Pickup","Supply order ready for pickup",IF($AB40="Dispatch","Supply order dispatched","")) -> Supply order dispatched | AD40: =IF($AB40="Pickup","Dear "&$AH40&","&CHAR(10)&CHAR(10)&"Your order is ready for pickup from Sample Branch, Wed-Fri 9am-4pm.",IF($AB40="Dispatch","Dear "&$AH40&","&CHAR(10)&CHAR(10)&"Your order has been dispatched and is in transit. Reply if undelivered.","")) -> Dear TL/RPN, Your order has been dispatched and is in transit. Reply if undelivered. | AE40: =IF(OR($AA40="",$AC40=""),"","mailto:"&$AA40&"?subject="&_xlfn.ENCODEURL($AC40)&"&body="&_xlfn.ENCODEURL($AD40)) -> mailto:firstname105.lastname105@example.com?subject=Supply%20order%20dispatched&body=Dear%20TL%2FRPN%2C%0A%0AYour%20order%20has%20been%20dispatched%20and%20is%20in%20transit.%20Reply%20if%20undelivered. | AF40: =IF(AE40="","",HYPERLINK(AE40,"Draft email")) -> Draft email | AG40: =IF($C40="","",IFERROR(INDEX('Staff Directory'!$K$595:$K$599,MATCH($C40,'Staff Directory'!$B$5:$B$599,0)),$D40)) -> TL/RPN | AH40: =IF($C40="","",IFERROR(INDEX('Staff Directory'!$I$595:$I$599,MATCH($C40,'Staff Directory'!$B$5:$B$599,0))&" "&INDEX('Staff Directory'!$J$595:$J$599,MATCH($C40,'Staff Directory'!$B$5:$B$599,0)),$AG40)) -> TL/RPN | AI40: LYSL500290 | AJ40: =IF($F40="","",SUMIFS($J$5:$J40,$F$5:$F40,$F40)) -> 880 | AK40: =IF($F40="","",MAX(1,$AJ40-MAX($J40,0)+1)) -> 641 | AL40: {=IF($F40="","",IFERROR(INDEX('Lot Balance'!$B$5:$B$500,MATCH(1,INDEX(('Lot Balance'!$A$5:$A$500=$F40)*('Lot Balance'!$K$5:$K$500<$AK40)*('Lot Balance'!$K$5:$K$500+'Lot Balance'!$D$5:$D$500>=$AK40),0),0)),""))} -> LYSL500290 | AM40: {=IF($F40="","",IFERROR(INDEX('Lot Balance'!$B$5:$B$500,MATCH(1,INDEX(('Lot Balance'!$A$5:$A$500=$F40)*('Lot Balance'!$K$5:$K$500<$AJ40)*('Lot Balance'!$K$5:$K$500+'Lot Balance'!$D$5:$D$500>=$AJ40),0),0)),""))} -> LYSL500290 | AN40: =IF($F40="","",IF($AI40<>"",IF(COUNTIFS('Lot Balance'!$A$5:$A$500,$F40,'Lot Balance'!$B$5:$B$500,$AI40)=0,"⚠ override is not a lot of this item",IF($AI40=$AL40,"Override = FEFO","Override - FEFO says "&$AL40)),IF($AL40="","⚠ no receipt on file for this item",IF($AM40<>$AL40,"FEFO auto - split, also "&$AM40,"FEFO auto")))) -> Override = FEFO | AO40: 240
A41: 46113 | B41: =IF($C41="","",IFERROR(INDEX('Staff Directory'!$A$5:$A$594,MATCH($C41,'Staff Directory'!$B$5:$B$594,0)),"⚠ unknown staff")) -> TL/RPN-001-A8 | C41: Lastname105, Firstname105 | D41: =IF($B41="","",IFERROR(INDEX('Staff Directory'!$C$5:$C$594,MATCH($B41,'Staff Directory'!$A$5:$A$594,0)),"")) -> TL/RPN | E41: =IF($B41="","",IFERROR(INDEX('Staff Directory'!$D$5:$D$594,MATCH($B41,'Staff Directory'!$A$5:$A$594,0)),"")) -> A8 | F41: Hand Sanitizer | G41: =IF($F41="","",IFERROR(INDEX(Items!$B$5:$B$597,MATCH($F41,Items!$A$5:$A$597,0)),"⚠ not in Items")) -> Sanitizer | H41: =IF($F41="","",IFERROR(INDEX(Items!$C$5:$C$597,MATCH($F41,Items!$A$5:$A$597,0)),"")) -> 118 ML | I41: =IF($F41="","",IFERROR(INDEX(Items!$E$5:$E$597,MATCH($F41,Items!$A$5:$A$597,0)),"")) -> 2 | J41: =IF(tblIssues[[#This Row],[Qty Override]]<>"",tblIssues[[#This Row],[Qty Override]],IF(tblIssues[[#This Row],[Standard Issue]]="","",tblIssues[[#This Row],[Standard Issue]])) -> 4 | K41: =IF($F41="","",IFERROR(INDEX(Items!$D$5:$D$597,MATCH($F41,Items!$A$5:$A$597,0)),"")) -> 4.49 | L41: =IF(OR($J41="",$K41=""),"",$J41*$K41) -> 17.96 | M41: =IF($F41="","",IF($AI41<>"",$AI41,$AL41)) -> 563963-5 | N41: =IF($A41="","",WORKDAY($A41,Settings!$C$9,HolidayDates)) -> 46121 | O41: =IF($N41="","",WORKDAY($N41,Settings!$C$10,HolidayDates)) -> 46161 | P41: Y | Q41: =IF($A41="","",IF($P41<>"","Collected","Pending")) -> Collected | R41: =IF($A41="","",TEXT($A41,"yyyy-mm")) -> 2026-04 | S41: =IF(OR($B41="",$F41="",$R41=""),"",SUMIFS(tblIssues[Qty Issued],tblIssues[Staff ID],$B41,tblIssues[Item Name],$F41,tblIssues[Month],$R41)) -> 4 | T41: =IF($I41="","",$I41*Settings!$C$11) -> 2 | U41: =IF(OR($S41="",$T41=""),"",IF($S41>$T41,IF($Y41="Approved","APPROVED BY TL","⚠ OVER QUOTA"),"OK")) -> APPROVED BY TL | V41: =IF($U41="⚠ OVER QUOTA",$B41&" | "&$F41&" | "&$R41,"") | W41: =IF($V41="","",IF(COUNTIF($V$5:$V41,$V41)=1,1,"")) | X41: =IF($W41="","",MAX($X$4:X40)+1) | Y41: Approved | AA41: =IF($C41="","",IFERROR(INDEX('Staff Directory'!$E$5:$E$594,MATCH($C41,'Staff Directory'!$B$5:$B$594,0)),"")) -> firstname105.lastname105@example.com | AB41: =IF($C41="","",IF(ISNUMBER(SEARCH($D41,Settings!$C$15)),"Pickup","Dispatch")) -> Dispatch | AC41: =IF($AB41="Pickup","Supply order ready for pickup",IF($AB41="Dispatch","Supply order dispatched","")) -> Supply order dispatched | AD41: =IF($AB41="Pickup","Dear "&$AH41&","&CHAR(10)&CHAR(10)&"Your order is ready for pickup from Sample Branch, Wed-Fri 9am-4pm.",IF($AB41="Dispatch","Dear "&$AH41&","&CHAR(10)&CHAR(10)&"Your order has been dispatched and is in transit. Reply if undelivered.","")) -> Dear TL/RPN, Your order has been dispatched and is in transit. Reply if undelivered. | AE41: =IF(OR($AA41="",$AC41=""),"","mailto:"&$AA41&"?subject="&_xlfn.ENCODEURL($AC41)&"&body="&_xlfn.ENCODEURL($AD41)) -> mailto:firstname105.lastname105@example.com?subject=Supply%20order%20dispatched&body=Dear%20TL%2FRPN%2C%0A%0AYour%20order%20has%20been%20dispatched%20and%20is%20in%20transit.%20Reply%20if%20undelivered. | AF41: =IF(AE41="","",HYPERLINK(AE41,"Draft email")) -> Draft email | AG41: =IF($C41="","",IFERROR(INDEX('Staff Directory'!$K$595:$K$599,MATCH($C41,'Staff Directory'!$B$5:$B$599,0)),$D41)) -> TL/RPN | AH41: =IF($C41="","",IFERROR(INDEX('Staff Directory'!$I$595:$I$599,MATCH($C41,'Staff Directory'!$B$5:$B$599,0))&" "&INDEX('Staff Directory'!$J$595:$J$599,MATCH($C41,'Staff Directory'!$B$5:$B$599,0)),$AG41)) -> TL/RPN | AI41: 563963-5 | AJ41: =IF($F41="","",SUMIFS($J$5:$J41,$F$5:$F41,$F41)) -> 16 | AK41: =IF($F41="","",MAX(1,$AJ41-MAX($J41,0)+1)) -> 13 | AL41: {=IF($F41="","",IFERROR(INDEX('Lot Balance'!$B$5:$B$500,MATCH(1,INDEX(('Lot Balance'!$A$5:$A$500=$F41)*('Lot Balance'!$K$5:$K$500<$AK41)*('Lot Balance'!$K$5:$K$500+'Lot Balance'!$D$5:$D$500>=$AK41),0),0)),""))} -> 563963-5 | AM41: {=IF($F41="","",IFERROR(INDEX('Lot Balance'!$B$5:$B$500,MATCH(1,INDEX(('Lot Balance'!$A$5:$A$500=$F41)*('Lot Balance'!$K$5:$K$500<$AJ41)*('Lot Balance'!$K$5:$K$500+'Lot Balance'!$D$5:$D$500>=$AJ41),0),0)),""))} -> 563963-5 | AN41: =IF($F41="","",IF($AI41<>"",IF(COUNTIFS('Lot Balance'!$A$5:$A$500,$F41,'Lot Balance'!$B$5:$B$500,$AI41)=0,"⚠ override is not a lot of this item",IF($AI41=$AL41,"Override = FEFO","Override - FEFO says "&$AL41)),IF($AL41="","⚠ no receipt on file for this item",IF($AM41<>$AL41,"FEFO auto - split, also "&$AM41,"FEFO auto")))) -> Override = FEFO | AO41: 4
A42: 46113 | B42: =IF($C42="","",IFERROR(INDEX('Staff Directory'!$A$5:$A$594,MATCH($C42,'Staff Directory'!$B$5:$B$594,0)),"⚠ unknown staff")) -> TL/RPN-002-A9 | C42: Lastname149, Firstname149 | D42: =IF($B42="","",IFERROR(INDEX('Staff Directory'!$C$5:$C$594,MATCH($B42,'Staff Directory'!$A$5:$A$594,0)),"")) -> TL/RPN | E42: =IF($B42="","",IFERROR(INDEX('Staff Directory'!$D$5:$D$594,MATCH($B42,'Staff Directory'!$A$5:$A$594,0)),"")) -> A9 | F42: Disinfectant Wipes OS | G42: =IF($F42="","",IFERROR(INDEX(Items!$B$5:$B$597,MATCH($F42,Items!$A$5:$A$597,0)),"⚠ not in Items")) -> Wipes | H42: =IF($F42="","",IFERROR(INDEX(Items!$C$5:$C$597,MATCH($F42,Items!$A$5:$A$597,0)),"")) -> 160 | I42: =IF($F42="","",IFERROR(INDEX(Items!$E$5:$E$597,MATCH($F42,Items!$A$5:$A$597,0)),"")) -> 160 | J42: =IF(tblIssues[[#This Row],[Qty Override]]<>"",tblIssues[[#This Row],[Qty Override]],IF(tblIssues[[#This Row],[Standard Issue]]="","",tblIssues[[#This Row],[Standard Issue]])) -> 160 | K42: =IF($F42="","",IFERROR(INDEX(Items!$D$5:$D$597,MATCH($F42,Items!$A$5:$A$597,0)),"")) -> 0 | L42: =IF(OR($J42="",$K42=""),"",$J42*$K42) -> 0 | M42: =IF($F42="","",IF($AI42<>"",$AI42,$AL42)) -> Sample Org | N42: =IF($A42="","",WORKDAY($A42,Settings!$C$9,HolidayDates)) -> 46121 | O42: =IF($N42="","",WORKDAY($N42,Settings!$C$10,HolidayDates)) -> 46161 | P42: Y | Q42: =IF($A42="","",IF($P42<>"","Collected","Pending")) -> Collected | R42: =IF($A42="","",TEXT($A42,"yyyy-mm")) -> 2026-04 | S42: =IF(OR($B42="",$F42="",$R42=""),"",SUMIFS(tblIssues[Qty Issued],tblIssues[Staff ID],$B42,tblIssues[Item Name],$F42,tblIssues[Month],$R42)) -> 480 | T42: =IF($I42="","",$I42*Settings!$C$11) -> 160 | U42: =IF(OR($S42="",$T42=""),"",IF($S42>$T42,IF($Y42="Approved","APPROVED BY TL","⚠ OVER QUOTA"),"OK")) -> ⚠ OVER QUOTA | V42: =IF($U42="⚠ OVER QUOTA",$B42&" | "&$F42&" | "&$R42,"") -> TL/RPN-002-A9 | Disinfectant Wipes OS | 2026-04 | W42: =IF($V42="","",IF(COUNTIF($V$5:$V42,$V42)=1,1,"")) -> 1 | X42: =IF($W42="","",MAX($X$4:X41)+1) -> 1 | AA42: =IF($C42="","",IFERROR(INDEX('Staff Directory'!$E$5:$E$594,MATCH($C42,'Staff Directory'!$B$5:$B$594,0)),"")) -> firstname149.lastname149@example.com | AB42: =IF($C42="","",IF(ISNUMBER(SEARCH($D42,Settings!$C$15)),"Pickup","Dispatch")) -> Dispatch | AC42: =IF($AB42="Pickup","Supply order ready for pickup",IF($AB42="Dispatch","Supply order dispatched","")) -> Supply order dispatched | AD42: =IF($AB42="Pickup","Dear "&$AH42&","&CHAR(10)&CHAR(10)&"Your order is ready for pickup from Sample Branch, Wed-Fri 9am-4pm.",IF($AB42="Dispatch","Dear "&$AH42&","&CHAR(10)&CHAR(10)&"Your order has been dispatched and is in transit. Reply if undelivered.","")) -> Dear TL/RPN, Your order has been dispatched and is in transit. Reply if undelivered. | AE42: =IF(OR($AA42="",$AC42=""),"","mailto:"&$AA42&"?subject="&_xlfn.ENCODEURL($AC42)&"&body="&_xlfn.ENCODEURL($AD42)) -> mailto:firstname149.lastname149@example.com?subject=Supply%20order%20dispatched&body=Dear%20TL%2FRPN%2C%0A%0AYour%20order%20has%20been%20dispatched%20and%20is%20in%20transit.%20Reply%20if%20undelivered. | AF42: =IF(AE42="","",HYPERLINK(AE42,"Draft email")) -> Draft email | AG42: =IF($C42="","",IFERROR(INDEX('Staff Directory'!$K$595:$K$599,MATCH($C42,'Staff Directory'!$B$5:$B$599,0)),$D42)) -> TL/RPN | AH42: =IF($C42="","",IFERROR(INDEX('Staff Directory'!$I$595:$I$599,MATCH($C42,'Staff Directory'!$B$5:$B$599,0))&" "&INDEX('Staff Directory'!$J$595:$J$599,MATCH($C42,'Staff Directory'!$B$5:$B$599,0)),$AG42)) -> TL/RPN | AI42: Sample Org | AJ42: =IF($F42="","",SUMIFS($J$5:$J42,$F$5:$F42,$F42)) -> 160 | AK42: =IF($F42="","",MAX(1,$AJ42-MAX($J42,0)+1)) -> 1 | AL42: {=IF($F42="","",IFERROR(INDEX('Lot Balance'!$B$5:$B$500,MATCH(1,INDEX(('Lot Balance'!$A$5:$A$500=$F42)*('Lot Balance'!$K$5:$K$500<$AK42)*('Lot Balance'!$K$5:$K$500+'Lot Balance'!$D$5:$D$500>=$AK42),0),0)),""))} -> 22625VXO7 | AM42: {=IF($F42="","",IFERROR(INDEX('Lot Balance'!$B$5:$B$500,MATCH(1,INDEX(('Lot Balance'!$A$5:$A$500=$F42)*('Lot Balance'!$K$5:$K$500<$AJ42)*('Lot Balance'!$K$5:$K$500+'Lot Balance'!$D$5:$D$500>=$AJ42),0),0)),""))} -> 22625VXO7 | AN42: =IF($F42="","",IF($AI42<>"",IF(COUNTIFS('Lot Balance'!$A$5:$A$500,$F42,'Lot Balance'!$B$5:$B$500,$AI42)=0,"⚠ override is not a lot of this item",IF($AI42=$AL42,"Override = FEFO","Override - FEFO says "&$AL42)),IF($AL42="","⚠ no receipt on file for this item",IF($AM42<>$AL42,"FEFO auto - split, also "&$AM42,"FEFO auto")))) -> ⚠ override is not a lot of this item
A43: 46113 | B43: =IF($C43="","",IFERROR(INDEX('Staff Directory'!$A$5:$A$594,MATCH($C43,'Staff Directory'!$B$5:$B$594,0)),"⚠ unknown staff")) -> RN-021-A2 | C43: Lastname025, Firstname025 | D43: =IF($B43="","",IFERROR(INDEX('Staff Directory'!$C$5:$C$594,MATCH($B43,'Staff Directory'!$A$5:$A$594,0)),"")) -> RN | E43: =IF($B43="","",IFERROR(INDEX('Staff Directory'!$D$5:$D$594,MATCH($B43,'Staff Directory'!$A$5:$A$594,0)),"")) -> A2 | F43: Gloves - Medium | G43: =IF($F43="","",IFERROR(INDEX(Items!$B$5:$B$597,MATCH($F43,Items!$A$5:$A$597,0)),"⚠ not in Items")) -> Gloves | H43: =IF($F43="","",IFERROR(INDEX(Items!$C$5:$C$597,MATCH($F43,Items!$A$5:$A$597,0)),"")) -> Medium | I43: =IF($F43="","",IFERROR(INDEX(Items!$E$5:$E$597,MATCH($F43,Items!$A$5:$A$597,0)),"")) -> 500 | J43: =IF(tblIssues[[#This Row],[Qty Override]]<>"",tblIssues[[#This Row],[Qty Override]],IF(tblIssues[[#This Row],[Standard Issue]]="","",tblIssues[[#This Row],[Standard Issue]])) -> 500 | K43: =IF($F43="","",IFERROR(INDEX(Items!$D$5:$D$597,MATCH($F43,Items!$A$5:$A$597,0)),"")) -> 0.055 | L43: =IF(OR($J43="",$K43=""),"",$J43*$K43) -> 27.5 | M43: =IF($F43="","",IF($AI43<>"",$AI43,$AL43)) -> O17104 | N43: =IF($A43="","",WORKDAY($A43,Settings!$C$9,HolidayDates)) -> 46121 | O43: =IF($N43="","",WORKDAY($N43,Settings!$C$10,HolidayDates)) -> 46161 | P43: TR ID | Q43: =IF($A43="","",IF($P43<>"","Collected","Pending")) -> Collected | R43: =IF($A43="","",TEXT($A43,"yyyy-mm")) -> 2026-04 | S43: =IF(OR($B43="",$F43="",$R43=""),"",SUMIFS(tblIssues[Qty Issued],tblIssues[Staff ID],$B43,tblIssues[Item Name],$F43,tblIssues[Month],$R43)) -> 500 | T43: =IF($I43="","",$I43*Settings!$C$11) -> 500 | U43: =IF(OR($S43="",$T43=""),"",IF($S43>$T43,IF($Y43="Approved","APPROVED BY TL","⚠ OVER QUOTA"),"OK")) -> OK | V43: =IF($U43="⚠ OVER QUOTA",$B43&" | "&$F43&" | "&$R43,"") | W43: =IF($V43="","",IF(COUNTIF($V$5:$V43,$V43)=1,1,"")) | X43: =IF($W43="","",MAX($X$4:X42)+1) | AA43: =IF($C43="","",IFERROR(INDEX('Staff Directory'!$E$5:$E$594,MATCH($C43,'Staff Directory'!$B$5:$B$594,0)),"")) -> firstname025.lastname025@example.com | AB43: =IF($C43="","",IF(ISNUMBER(SEARCH($D43,Settings!$C$15)),"Pickup","Dispatch")) -> Dispatch | AC43: =IF($AB43="Pickup","Supply order ready for pickup",IF($AB43="Dispatch","Supply order dispatched","")) -> Supply order dispatched | AD43: =IF($AB43="Pickup","Dear "&$AH43&","&CHAR(10)&CHAR(10)&"Your order is ready for pickup from Sample Branch, Wed-Fri 9am-4pm.",IF($AB43="Dispatch","Dear "&$AH43&","&CHAR(10)&CHAR(10)&"Your order has been dispatched and is in transit. Reply if undelivered.","")) -> Dear RN, Your order has been dispatched and is in transit. Reply if undelivered. | AE43: =IF(OR($AA43="",$AC43=""),"","mailto:"&$AA43&"?subject="&_xlfn.ENCODEURL($AC43)&"&body="&_xlfn.ENCODEURL($AD43)) -> mailto:firstname025.lastname025@example.com?subject=Supply%20order%20dispatched&body=Dear%20RN%2C%0A%0AYour%20order%20has%20been%20dispatched%20and%20is%20in%20transit.%20Reply%20if%20undelivered. | AF43: =IF(AE43="","",HYPERLINK(AE43,"Draft email")) -> Draft email | AG43: =IF($C43="","",IFERROR(INDEX('Staff Directory'!$K$595:$K$599,MATCH($C43,'Staff Directory'!$B$5:$B$599,0)),$D43)) -> RN | AH43: =IF($C43="","",IFERROR(INDEX('Staff Directory'!$I$595:$I$599,MATCH($C43,'Staff Directory'!$B$5:$B$599,0))&" "&INDEX('Staff Directory'!$J$595:$J$599,MATCH($C43,'Staff Directory'!$B$5:$B$599,0)),$AG43)) -> RN | AI43: O17104 | AJ43: =IF($F43="","",SUMIFS($J$5:$J43,$F$5:$F43,$F43)) -> 2500 | AK43: =IF($F43="","",MAX(1,$AJ43-MAX($J43,0)+1)) -> 2001 | AL43: {=IF($F43="","",IFERROR(INDEX('Lot Balance'!$B$5:$B$500,MATCH(1,INDEX(('Lot Balance'!$A$5:$A$500=$F43)*('Lot Balance'!$K$5:$K$500<$AK43)*('Lot Balance'!$K$5:$K$500+'Lot Balance'!$D$5:$D$500>=$AK43),0),0)),""))} -> O17104 | AM43: {=IF($F43="","",IFERROR(INDEX('Lot Balance'!$B$5:$B$500,MATCH(1,INDEX(('Lot Balance'!$A$5:$A$500=$F43)*('Lot Balance'!$K$5:$K$500<$AJ43)*('Lot Balance'!$K$5:$K$500+'Lot Balance'!$D$5:$D$500>=$AJ43),0),0)),""))} -> O17104 | AN43: =IF($F43="","",IF($AI43<>"",IF(COUNTIFS('Lot Balance'!$A$5:$A$500,$F43,'Lot Balance'!$B$5:$B$500,$AI43)=0,"⚠ override is not a lot of this item",IF($AI43=$AL43,"Override = FEFO","Override - FEFO says "&$AL43)),IF($AL43="","⚠ no receipt on file for this item",IF($AM43<>$AL43,"FEFO auto - split, also "&$AM43,"FEFO auto")))) -> Override = FEFO
A44: 46113 | B44: =IF($C44="","",IFERROR(INDEX('Staff Directory'!$A$5:$A$594,MATCH($C44,'Staff Directory'!$B$5:$B$594,0)),"⚠ unknown staff")) -> RN-027-A1 | C44: Lastname031, Firstname031 | D44: =IF($B44="","",IFERROR(INDEX('Staff Directory'!$C$5:$C$594,MATCH($B44,'Staff Directory'!$A$5:$A$594,0)),"")) -> RN | E44: =IF($B44="","",IFERROR(INDEX('Staff Directory'!$D$5:$D$594,MATCH($B44,'Staff Directory'!$A$5:$A$594,0)),"")) -> A1 | F44: Gloves - Small | G44: =IF($F44="","",IFERROR(INDEX(Items!$B$5:$B$597,MATCH($F44,Items!$A$5:$A$597,0)),"⚠ not in Items")) -> Gloves | H44: =IF($F44="","",IFERROR(INDEX(Items!$C$5:$C$597,MATCH($F44,Items!$A$5:$A$597,0)),"")) -> Small | I44: =IF($F44="","",IFERROR(INDEX(Items!$E$5:$E$597,MATCH($F44,Items!$A$5:$A$597,0)),"")) -> 500 | J44: =IF(tblIssues[[#This Row],[Qty Override]]<>"",tblIssues[[#This Row],[Qty Override]],IF(tblIssues[[#This Row],[Standard Issue]]="","",tblIssues[[#This Row],[Standard Issue]])) -> 500 | K44: =IF($F44="","",IFERROR(INDEX(Items!$D$5:$D$597,MATCH($F44,Items!$A$5:$A$597,0)),"")) -> 0.055 | L44: =IF(OR($J44="",$K44=""),"",$J44*$K44) -> 27.5 | M44: =IF($F44="","",IF($AI44<>"",$AI44,$AL44)) -> O210LIC25 | N44: =IF($A44="","",WORKDAY($A44,Settings!$C$9,HolidayDates)) -> 46121 | O44: =IF($N44="","",WORKDAY($N44,Settings!$C$10,HolidayDates)) -> 46161 | P44: TR ID | Q44: =IF($A44="","",IF($P44<>"","Collected","Pending")) -> Collected | R44: =IF($A44="","",TEXT($A44,"yyyy-mm")) -> 2026-04 | S44: =IF(OR($B44="",$F44="",$R44=""),"",SUMIFS(tblIssues[Qty Issued],tblIssues[Staff ID],$B44,tblIssues[Item Name],$F44,tblIssues[Month],$R44)) -> 500 | T44: =IF($I44="","",$I44*Settings!$C$11) -> 500 | U44: =IF(OR($S44="",$T44=""),"",IF($S44>$T44,IF($Y44="Approved","APPROVED BY TL","⚠ OVER QUOTA"),"OK")) -> OK | V44: =IF($U44="⚠ OVER QUOTA",$B44&" | "&$F44&" | "&$R44,"") | W44: =IF($V44="","",IF(COUNTIF($V$5:$V44,$V44)=1,1,"")) | X44: =IF($W44="","",MAX($X$4:X43)+1) | AA44: =IF($C44="","",IFERROR(INDEX('Staff Directory'!$E$5:$E$594,MATCH($C44,'Staff Directory'!$B$5:$B$594,0)),"")) -> firstname031.lastname031@example.com | AB44: =IF($C44="","",IF(ISNUMBER(SEARCH($D44,Settings!$C$15)),"Pickup","Dispatch")) -> Dispatch | AC44: =IF($AB44="Pickup","Supply order ready for pickup",IF($AB44="Dispatch","Supply order dispatched","")) -> Supply order dispatched | AD44: =IF($AB44="Pickup","Dear "&$AH44&","&CHAR(10)&CHAR(10)&"Your order is ready for pickup from Sample Branch, Wed-Fri 9am-4pm.",IF($AB44="Dispatch","Dear "&$AH44&","&CHAR(10)&CHAR(10)&"Your order has been dispatched and is in transit. Reply if undelivered.","")) -> Dear RN, Your order has been dispatched and is in transit. Reply if undelivered. | AE44: =IF(OR($AA44="",$AC44=""),"","mailto:"&$AA44&"?subject="&_xlfn.ENCODEURL($AC44)&"&body="&_xlfn.ENCODEURL($AD44)) -> mailto:firstname031.lastname031@example.com?subject=Supply%20order%20dispatched&body=Dear%20RN%2C%0A%0AYour%20order%20has%20been%20dispatched%20and%20is%20in%20transit.%20Reply%20if%20undelivered. | AF44: =IF(AE44="","",HYPERLINK(AE44,"Draft email")) -> Draft email | AG44: =IF($C44="","",IFERROR(INDEX('Staff Directory'!$K$595:$K$599,MATCH($C44,'Staff Directory'!$B$5:$B$599,0)),$D44)) -> RN | AH44: =IF($C44="","",IFERROR(INDEX('Staff Directory'!$I$595:$I$599,MATCH($C44,'Staff Directory'!$B$5:$B$599,0))&" "&INDEX('Staff Directory'!$J$595:$J$599,MATCH($C44,'Staff Directory'!$B$5:$B$599,0)),$AG44)) -> RN | AI44: O210LIC25 | AJ44: =IF($F44="","",SUMIFS($J$5:$J44,$F$5:$F44,$F44)) -> 2500 | AK44: =IF($F44="","",MAX(1,$AJ44-MAX($J44,0)+1)) -> 2001 | AL44: {=IF($F44="","",IFERROR(INDEX('Lot Balance'!$B$5:$B$500,MATCH(1,INDEX(('Lot Balance'!$A$5:$A$500=$F44)*('Lot Balance'!$K$5:$K$500<$AK44)*('Lot Balance'!$K$5:$K$500+'Lot Balance'!$D$5:$D$500>=$AK44),0),0)),""))} -> ZIM512142069 | AM44: {=IF($F44="","",IFERROR(INDEX('Lot Balance'!$B$5:$B$500,MATCH(1,INDEX(('Lot Balance'!$A$5:$A$500=$F44)*('Lot Balance'!$K$5:$K$500<$AJ44)*('Lot Balance'!$K$5:$K$500+'Lot Balance'!$D$5:$D$500>=$AJ44),0),0)),""))} -> ZIM512142069 | AN44: =IF($F44="","",IF($AI44<>"",IF(COUNTIFS('Lot Balance'!$A$5:$A$500,$F44,'Lot Balance'!$B$5:$B$500,$AI44)=0,"⚠ override is not a lot of this item",IF($AI44=$AL44,"Override = FEFO","Override - FEFO says "&$AL44)),IF($AL44="","⚠ no receipt on file for this item",IF($AM44<>$AL44,"FEFO auto - split, also "&$AM44,"FEFO auto")))) -> Override - FEFO says ZIM512142069
A45: 46113 | B45: =IF($C45="","",IFERROR(INDEX('Staff Directory'!$A$5:$A$594,MATCH($C45,'Staff Directory'!$B$5:$B$594,0)),"⚠ unknown staff")) -> RN-027-A1 | C45: Lastname031, Firstname031 | D45: =IF($B45="","",IFERROR(INDEX('Staff Directory'!$C$5:$C$594,MATCH($B45,'Staff Directory'!$A$5:$A$594,0)),"")) -> RN | E45: =IF($B45="","",IFERROR(INDEX('Staff Directory'!$D$5:$D$594,MATCH($B45,'Staff Directory'!$A$5:$A$594,0)),"")) -> A1 | F45: Sample Org Nursing Charts A1 | G45: =IF($F45="","",IFERROR(INDEX(Items!$B$5:$B$597,MATCH($F45,Items!$A$5:$A$597,0)),"⚠ not in Items")) -> SO A1 Charts | H45: =IF($F45="","",IFERROR(INDEX(Items!$C$5:$C$597,MATCH($F45,Items!$A$5:$A$597,0)),"")) -> Standard | I45: =IF($F45="","",IFERROR(INDEX(Items!$E$5:$E$597,MATCH($F45,Items!$A$5:$A$597,0)),"")) -> 20 | J45: =IF(tblIssues[[#This Row],[Qty Override]]<>"",tblIssues[[#This Row],[Qty Override]],IF(tblIssues[[#This Row],[Standard Issue]]="","",tblIssues[[#This Row],[Standard Issue]])) -> 20 | K45: =IF($F45="","",IFERROR(INDEX(Items!$D$5:$D$597,MATCH($F45,Items!$A$5:$A$597,0)),"")) -> 0 | L45: =IF(OR($J45="",$K45=""),"",$J45*$K45) -> 0 | M45: =IF($F45="","",IF($AI45<>"",$AI45,$AL45)) -> Sample Org | N45: =IF($A45="","",WORKDAY($A45,Settings!$C$9,HolidayDates)) -> 46121 | O45: =IF($N45="","",WORKDAY($N45,Settings!$C$10,HolidayDates)) -> 46161 | P45: TR ID | Q45: =IF($A45="","",IF($P45<>"","Collected","Pending")) -> Collected | R45: =IF($A45="","",TEXT($A45,"yyyy-mm")) -> 2026-04 | S45: =IF(OR($B45="",$F45="",$R45=""),"",SUMIFS(tblIssues[Qty Issued],tblIssues[Staff ID],$B45,tblIssues[Item Name],$F45,tblIssues[Month],$R45)) -> 20 | T45: =IF($I45="","",$I45*Settings!$C$11) -> 20 | U45: =IF(OR($S45="",$T45=""),"",IF($S45>$T45,IF($Y45="Approved","APPROVED BY TL","⚠ OVER QUOTA"),"OK")) -> OK | V45: =IF($U45="⚠ OVER QUOTA",$B45&" | "&$F45&" | "&$R45,"") | W45: =IF($V45="","",IF(COUNTIF($V$5:$V45,$V45)=1,1,"")) | X45: =IF($W45="","",MAX($X$4:X44)+1) | AA45: =IF($C45="","",IFERROR(INDEX('Staff Directory'!$E$5:$E$594,MATCH($C45,'Staff Directory'!$B$5:$B$594,0)),"")) -> firstname031.lastname031@example.com | AB45: =IF($C45="","",IF(ISNUMBER(SEARCH($D45,Settings!$C$15)),"Pickup","Dispatch")) -> Dispatch | AC45: =IF($AB45="Pickup","Supply order ready for pickup",IF($AB45="Dispatch","Supply order dispatched","")) -> Supply order dispatched | AD45: =IF($AB45="Pickup","Dear "&$AH45&","&CHAR(10)&CHAR(10)&"Your order is ready for pickup from Sample Branch, Wed-Fri 9am-4pm.",IF($AB45="Dispatch","Dear "&$AH45&","&CHAR(10)&CHAR(10)&"Your order has been dispatched and is in transit. Reply if undelivered.","")) -> Dear RN, Your order has been dispatched and is in transit. Reply if undelivered. | AE45: =IF(OR($AA45="",$AC45=""),"","mailto:"&$AA45&"?subject="&_xlfn.ENCODEURL($AC45)&"&body="&_xlfn.ENCODEURL($AD45)) -> mailto:firstname031.lastname031@example.com?subject=Supply%20order%20dispatched&body=Dear%20RN%2C%0A%0AYour%20order%20has%20been%20dispatched%20and%20is%20in%20transit.%20Reply%20if%20undelivered. | AF45: =IF(AE45="","",HYPERLINK(AE45,"Draft email")) -> Draft email | AG45: =IF($C45="","",IFERROR(INDEX('Staff Directory'!$K$595:$K$599,MATCH($C45,'Staff Directory'!$B$5:$B$599,0)),$D45)) -> RN | AH45: =IF($C45="","",IFERROR(INDEX('Staff Directory'!$I$595:$I$599,MATCH($C45,'Staff Directory'!$B$5:$B$599,0))&" "&INDEX('Staff Directory'!$J$595:$J$599,MATCH($C45,'Staff Directory'!$B$5:$B$599,0)),$AG45)) -> RN | AI45: Sample Org | AJ45: =IF($F45="","",SUMIFS($J$5:$J45,$F$5:$F45,$F45)) -> 40 | AK45: =IF($F45="","",MAX(1,$AJ45-MAX($J45,0)+1)) -> 21 | AL45: {=IF($F45="","",IFERROR(INDEX('Lot Balance'!$B$5:$B$500,MATCH(1,INDEX(('Lot Balance'!$A$5:$A$500=$F45)*('Lot Balance'!$K$5:$K$500<$AK45)*('Lot Balance'!$K$5:$K$500+'Lot Balance'!$D$5:$D$500>=$AK45),0),0)),""))} | AM45: {=IF($F45="","",IFERROR(INDEX('Lot Balance'!$B$5:$B$500,MATCH(1,INDEX(('Lot Balance'!$A$5:$A$500=$F45)*('Lot Balance'!$K$5:$K$500<$AJ45)*('Lot Balance'!$K$5:$K$500+'Lot Balance'!$D$5:$D$500>=$AJ45),0),0)),""))} | AN45: =IF($F45="","",IF($AI45<>"",IF(COUNTIFS('Lot Balance'!$A$5:$A$500,$F45,'Lot Balance'!$B$5:$B$500,$AI45)=0,"⚠ override is not a lot of this item",IF($AI45=$AL45,"Override = FEFO","Override - FEFO says "&$AL45)),IF($AL45="","⚠ no receipt on file for this item",IF($AM45<>$AL45,"FEFO auto - split, also "&$AM45,"FEFO auto")))) -> ⚠ override is not a lot of this item
A46: 46113 | B46: =IF($C46="","",IFERROR(INDEX('Staff Directory'!$A$5:$A$594,MATCH($C46,'Staff Directory'!$B$5:$B$594,0)),"⚠ unknown staff")) -> RN-027-A1 | C46: Lastname031, Firstname031 | D46: =IF($B46="","",IFERROR(INDEX('Staff Directory'!$C$5:$C$594,MATCH($B46,'Staff Directory'!$A$5:$A$594,0)),"")) -> RN | E46: =IF($B46="","",IFERROR(INDEX('Staff Directory'!$D$5:$D$594,MATCH($B46,'Staff Directory'!$A$5:$A$594,0)),"")) -> A1 | F46: Wound sheets | G46: =IF($F46="","",IFERROR(INDEX(Items!$B$5:$B$597,MATCH($F46,Items!$A$5:$A$597,0)),"⚠ not in Items")) -> Documents | H46: =IF($F46="","",IFERROR(INDEX(Items!$C$5:$C$597,MATCH($F46,Items!$A$5:$A$597,0)),"")) -> Standard | I46: =IF($F46="","",IFERROR(INDEX(Items!$E$5:$E$597,MATCH($F46,Items!$A$5:$A$597,0)),"")) -> 20 | J46: =IF(tblIssues[[#This Row],[Qty Override]]<>"",tblIssues[[#This Row],[Qty Override]],IF(tblIssues[[#This Row],[Standard Issue]]="","",tblIssues[[#This Row],[Standard Issue]])) -> 20 | K46: =IF($F46="","",IFERROR(INDEX(Items!$D$5:$D$597,MATCH($F46,Items!$A$5:$A$597,0)),"")) -> 0 | L46: =IF(OR($J46="",$K46=""),"",$J46*$K46) -> 0 | M46: =IF($F46="","",IF($AI46<>"",$AI46,$AL46)) -> Sample Org | N46: =IF($A46="","",WORKDAY($A46,Settings!$C$9,HolidayDates)) -> 46121 | O46: =IF($N46="","",WORKDAY($N46,Settings!$C$10,HolidayDates)) -> 46161 | P46: TR ID | Q46: =IF($A46="","",IF($P46<>"","Collected","Pending")) -> Collected | R46: =IF($A46="","",TEXT($A46,"yyyy-mm")) -> 2026-04 | S46: =IF(OR($B46="",$F46="",$R46=""),"",SUMIFS(tblIssues[Qty Issued],tblIssues[Staff ID],$B46,tblIssues[Item Name],$F46,tblIssues[Month],$R46)) -> 20 | T46: =IF($I46="","",$I46*Settings!$C$11) -> 20 | U46: =IF(OR($S46="",$T46=""),"",IF($S46>$T46,IF($Y46="Approved","APPROVED BY TL","⚠ OVER QUOTA"),"OK")) -> OK | V46: =IF($U46="⚠ OVER QUOTA",$B46&" | "&$F46&" | "&$R46,"") | W46: =IF($V46="","",IF(COUNTIF($V$5:$V46,$V46)=1,1,"")) | X46: =IF($W46="","",MAX($X$4:X45)+1) | AA46: =IF($C46="","",IFERROR(INDEX('Staff Directory'!$E$5:$E$594,MATCH($C46,'Staff Directory'!$B$5:$B$594,0)),"")) -> firstname031.lastname031@example.com | AB46: =IF($C46="","",IF(ISNUMBER(SEARCH($D46,Settings!$C$15)),"Pickup","Dispatch")) -> Dispatch | AC46: =IF($AB46="Pickup","Supply order ready for pickup",IF($AB46="Dispatch","Supply order dispatched","")) -> Supply order dispatched | AD46: =IF($AB46="Pickup","Dear "&$AH46&","&CHAR(10)&CHAR(10)&"Your order is ready for pickup from Sample Branch, Wed-Fri 9am-4pm.",IF($AB46="Dispatch","Dear "&$AH46&","&CHAR(10)&CHAR(10)&"Your order has been dispatched and is in transit. Reply if undelivered.","")) -> Dear RN, Your order has been dispatched and is in transit. Reply if undelivered. | AE46: =IF(OR($AA46="",$AC46=""),"","mailto:"&$AA46&"?subject="&_xlfn.ENCODEURL($AC46)&"&body="&_xlfn.ENCODEURL($AD46)) -> mailto:firstname031.lastname031@example.com?subject=Supply%20order%20dispatched&body=Dear%20RN%2C%0A%0AYour%20order%20has%20been%20dispatched%20and%20is%20in%20transit.%20Reply%20if%20undelivered. | AF46: =IF(AE46="","",HYPERLINK(AE46,"Draft email")) -> Draft email | AG46: =IF($C46="","",IFERROR(INDEX('Staff Directory'!$K$595:$K$599,MATCH($C46,'Staff Directory'!$B$5:$B$599,0)),$D46)) -> RN | AH46: =IF($C46="","",IFERROR(INDEX('Staff Directory'!$I$595:$I$599,MATCH($C46,'Staff Directory'!$B$5:$B$599,0))&" "&INDEX('Staff Directory'!$J$595:$J$599,MATCH($C46,'Staff Directory'!$B$5:$B$599,0)),$AG46)) -> RN | AI46: Sample Org | AJ46: =IF($F46="","",SUMIFS($J$5:$J46,$F$5:$F46,$F46)) -> 20 | AK46: =IF($F46="","",MAX(1,$AJ46-MAX($J46,0)+1)) -> 1 | AL46: {=IF($F46="","",IFERROR(INDEX('Lot Balance'!$B$5:$B$500,MATCH(1,INDEX(('Lot Balance'!$A$5:$A$500=$F46)*('Lot Balance'!$K$5:$K$500<$AK46)*('Lot Balance'!$K$5:$K$500+'Lot Balance'!$D$5:$D$500>=$AK46),0),0)),""))} | AM46: {=IF($F46="","",IFERROR(INDEX('Lot Balance'!$B$5:$B$500,MATCH(1,INDEX(('Lot Balance'!$A$5:$A$500=$F46)*('Lot Balance'!$K$5:$K$500<$AJ46)*('Lot Balance'!$K$5:$K$500+'Lot Balance'!$D$5:$D$500>=$AJ46),0),0)),""))} | AN46: =IF($F46="","",IF($AI46<>"",IF(COUNTIFS('Lot Balance'!$A$5:$A$500,$F46,'Lot Balance'!$B$5:$B$500,$AI46)=0,"⚠ override is not a lot of this item",IF($AI46=$AL46,"Override = FEFO","Override - FEFO says "&$AL46)),IF($AL46="","⚠ no receipt on file for this item",IF($AM46<>$AL46,"FEFO auto - split, also "&$AM46,"FEFO auto")))) -> ⚠ override is not a lot of this item
A47: 46113 | B47: =IF($C47="","",IFERROR(INDEX('Staff Directory'!$A$5:$A$594,MATCH($C47,'Staff Directory'!$B$5:$B$594,0)),"⚠ unknown staff")) -> PSW-013-A5 | C47: Lastname073, Firstname073 | D47: =IF($B47="","",IFERROR(INDEX('Staff Directory'!$C$5:$C$594,MATCH($B47,'Staff Directory'!$A$5:$A$594,0)),"")) -> PSW | E47: =IF($B47="","",IFERROR(INDEX('Staff Directory'!$D$5:$D$594,MATCH($B47,'Staff Directory'!$A$5:$A$594,0)),"")) -> A5 | F47: Gloves - Small | G47: =IF($F47="","",IFERROR(INDEX(Items!$B$5:$B$597,MATCH($F47,Items!$A$5:$A$597,0)),"⚠ not in Items")) -> Gloves | H47: =IF($F47="","",IFERROR(INDEX(Items!$C$5:$C$597,MATCH($F47,Items!$A$5:$A$597,0)),"")) -> Small | I47: =IF($F47="","",IFERROR(INDEX(Items!$E$5:$E$597,MATCH($F47,Items!$A$5:$A$597,0)),"")) -> 500 | J47: =IF(tblIssues[[#This Row],[Qty Override]]<>"",tblIssues[[#This Row],[Qty Override]],IF(tblIssues[[#This Row],[Standard Issue]]="","",tblIssues[[#This Row],[Standard Issue]])) -> 500 | K47: =IF($F47="","",IFERROR(INDEX(Items!$D$5:$D$597,MATCH($F47,Items!$A$5:$A$597,0)),"")) -> 0.055 | L47: =IF(OR($J47="",$K47=""),"",$J47*$K47) -> 27.5 | M47: =IF($F47="","",IF($AI47<>"",$AI47,$AL47)) -> O210LIC25 | N47: =IF($A47="","",WORKDAY($A47,Settings!$C$9,HolidayDates)) -> 46121 | O47: =IF($N47="","",WORKDAY($N47,Settings!$C$10,HolidayDates)) -> 46161 | P47: Y | Q47: =IF($A47="","",IF($P47<>"","Collected","Pending")) -> Collected | R47: =IF($A47="","",TEXT($A47,"yyyy-mm")) -> 2026-04 | S47: =IF(OR($B47="",$F47="",$R47=""),"",SUMIFS(tblIssues[Qty Issued],tblIssues[Staff ID],$B47,tblIssues[Item Name],$F47,tblIssues[Month],$R47)) -> 500 | T47: =IF($I47="","",$I47*Settings!$C$11) -> 500 | U47: =IF(OR($S47="",$T47=""),"",IF($S47>$T47,IF($Y47="Approved","APPROVED BY TL","⚠ OVER QUOTA"),"OK")) -> OK | V47: =IF($U47="⚠ OVER QUOTA",$B47&" | "&$F47&" | "&$R47,"") | W47: =IF($V47="","",IF(COUNTIF($V$5:$V47,$V47)=1,1,"")) | X47: =IF($W47="","",MAX($X$4:X46)+1) | AA47: =IF($C47="","",IFERROR(INDEX('Staff Directory'!$E$5:$E$594,MATCH($C47,'Staff Directory'!$B$5:$B$594,0)),"")) -> firstname073.lastname073@example.com | AB47: =IF($C47="","",IF(ISNUMBER(SEARCH($D47,Settings!$C$15)),"Pickup","Dispatch")) -> Pickup | AC47: =IF($AB47="Pickup","Supply order ready for pickup",IF($AB47="Dispatch","Supply order dispatched","")) -> Supply order ready for pickup | AD47: =IF($AB47="Pickup","Dear "&$AH47&","&CHAR(10)&CHAR(10)&"Your order is ready for pickup from Sample Branch, Wed-Fri 9am-4pm.",IF($AB47="Dispatch","Dear "&$AH47&","&CHAR(10)&CHAR(10)&"Your order has been dispatched and is in transit. Reply if undelivered.","")) -> Dear PSW, Your order is ready for pickup from Sample Branch, Wed-Fri 9am-4pm. | AE47: =IF(OR($AA47="",$AC47=""),"","mailto:"&$AA47&"?subject="&_xlfn.ENCODEURL($AC47)&"&body="&_xlfn.ENCODEURL($AD47)) -> mailto:firstname073.lastname073@example.com?subject=Supply%20order%20ready%20for%20pickup&body=Dear%20PSW%2C%0A%0AYour%20order%20is%20ready%20for%20pickup%20from%20Sample%20Branch%2C%20Wed-Fri%209am-4pm. | AF47: =IF(AE47="","",HYPERLINK(AE47,"Draft email")) -> Draft email | AG47: =IF($C47="","",IFERROR(INDEX('Staff Directory'!$K$595:$K$599,MATCH($C47,'Staff Directory'!$B$5:$B$599,0)),$D47)) -> PSW | AH47: =IF($C47="","",IFERROR(INDEX('Staff Directory'!$I$595:$I$599,MATCH($C47,'Staff Directory'!$B$5:$B$599,0))&" "&INDEX('Staff Directory'!$J$595:$J$599,MATCH($C47,'Staff Directory'!$B$5:$B$599,0)),$AG47)) -> PSW | AI47: O210LIC25 | AJ47: =IF($F47="","",SUMIFS($J$5:$J47,$F$5:$F47,$F47)) -> 3000 | AK47: =IF($F47="","",MAX(1,$AJ47-MAX($J47,0)+1)) -> 2501 | AL47: {=IF($F47="","",IFERROR(INDEX('Lot Balance'!$B$5:$B$500,MATCH(1,INDEX(('Lot Balance'!$A$5:$A$500=$F47)*('Lot Balance'!$K$5:$K$500<$AK47)*('Lot Balance'!$K$5:$K$500+'Lot Balance'!$D$5:$D$500>=$AK47),0),0)),""))} -> ZIM512142069 | AM47: {=IF($F47="","",IFERROR(INDEX('Lot Balance'!$B$5:$B$500,MATCH(1,INDEX(('Lot Balance'!$A$5:$A$500=$F47)*('Lot Balance'!$K$5:$K$500<$AJ47)*('Lot Balance'!$K$5:$K$500+'Lot Balance'!$D$5:$D$500>=$AJ47),0),0)),""))} -> ZIM504124207-4 | AN47: =IF($F47="","",IF($AI47<>"",IF(COUNTIFS('Lot Balance'!$A$5:$A$500,$F47,'Lot Balance'!$B$5:$B$500,$AI47)=0,"⚠ override is not a lot of this item",IF($AI47=$AL47,"Override = FEFO","Override - FEFO says "&$AL47)),IF($AL47="","⚠ no receipt on file for this item",IF($AM47<>$AL47,"FEFO auto - split, also "&$AM47,"FEFO auto")))) -> Override - FEFO says ZIM512142069
A48: 46113 | B48: =IF($C48="","",IFERROR(INDEX('Staff Directory'!$A$5:$A$594,MATCH($C48,'Staff Directory'!$B$5:$B$594,0)),"⚠ unknown staff")) -> PSW-013-A5 | C48: Lastname073, Firstname073 | D48: =IF($B48="","",IFERROR(INDEX('Staff Directory'!$C$5:$C$594,MATCH($B48,'Staff Directory'!$A$5:$A$594,0)),"")) -> PSW | E48: =IF($B48="","",IFERROR(INDEX('Staff Directory'!$D$5:$D$594,MATCH($B48,'Staff Directory'!$A$5:$A$594,0)),"")) -> A5 | F48: Hand Sanitizer | G48: =IF($F48="","",IFERROR(INDEX(Items!$B$5:$B$597,MATCH($F48,Items!$A$5:$A$597,0)),"⚠ not in Items")) -> Sanitizer | H48: =IF($F48="","",IFERROR(INDEX(Items!$C$5:$C$597,MATCH($F48,Items!$A$5:$A$597,0)),"")) -> 118 ML | I48: =IF($F48="","",IFERROR(INDEX(Items!$E$5:$E$597,MATCH($F48,Items!$A$5:$A$597,0)),"")) -> 2 | J48: =IF(tblIssues[[#This Row],[Qty Override]]<>"",tblIssues[[#This Row],[Qty Override]],IF(tblIssues[[#This Row],[Standard Issue]]="","",tblIssues[[#This Row],[Standard Issue]])) -> 2 | K48: =IF($F48="","",IFERROR(INDEX(Items!$D$5:$D$597,MATCH($F48,Items!$A$5:$A$597,0)),"")) -> 4.49 | L48: =IF(OR($J48="",$K48=""),"",$J48*$K48) -> 8.98 | M48: =IF($F48="","",IF($AI48<>"",$AI48,$AL48)) -> 563963-5 | N48: =IF($A48="","",WORKDAY($A48,Settings!$C$9,HolidayDates)) -> 46121 | O48: =IF($N48="","",WORKDAY($N48,Settings!$C$10,HolidayDates)) -> 46161 | P48: Y | Q48: =IF($A48="","",IF($P48<>"","Collected","Pending")) -> Collected | R48: =IF($A48="","",TEXT($A48,"yyyy-mm")) -> 2026-04 | S48: =IF(OR($B48="",$F48="",$R48=""),"",SUMIFS(tblIssues[Qty Issued],tblIssues[Staff ID],$B48,tblIssues[Item Name],$F48,tblIssues[Month],$R48)) -> 2 | T48: =IF($I48="","",$I48*Settings!$C$11) -> 2 | U48: =IF(OR($S48="",$T48=""),"",IF($S48>$T48,IF($Y48="Approved","APPROVED BY TL","⚠ OVER QUOTA"),"OK")) -> OK | V48: =IF($U48="⚠ OVER QUOTA",$B48&" | "&$F48&" | "&$R48,"") | W48: =IF($V48="","",IF(COUNTIF($V$5:$V48,$V48)=1,1,"")) | X48: =IF($W48="","",MAX($X$4:X47)+1) | AA48: =IF($C48="","",IFERROR(INDEX('Staff Directory'!$E$5:$E$594,MATCH($C48,'Staff Directory'!$B$5:$B$594,0)),"")) -> firstname073.lastname073@example.com | AB48: =IF($C48="","",IF(ISNUMBER(SEARCH($D48,Settings!$C$15)),"Pickup","Dispatch")) -> Pickup | AC48: =IF($AB48="Pickup","Supply order ready for pickup",IF($AB48="Dispatch","Supply order dispatched","")) -> Supply order ready for pickup | AD48: =IF($AB48="Pickup","Dear "&$AH48&","&CHAR(10)&CHAR(10)&"Your order is ready for pickup from Sample Branch, Wed-Fri 9am-4pm.",IF($AB48="Dispatch","Dear "&$AH48&","&CHAR(10)&CHAR(10)&"Your order has been dispatched and is in transit. Reply if undelivered.","")) -> Dear PSW, Your order is ready for pickup from Sample Branch, Wed-Fri 9am-4pm. | AE48: =IF(OR($AA48="",$AC48=""),"","mailto:"&$AA48&"?subject="&_xlfn.ENCODEURL($AC48)&"&body="&_xlfn.ENCODEURL($AD48)) -> mailto:firstname073.lastname073@example.com?subject=Supply%20order%20ready%20for%20pickup&body=Dear%20PSW%2C%0A%0AYour%20order%20is%20ready%20for%20pickup%20from%20Sample%20Branch%2C%20Wed-Fri%209am-4pm. | AF48: =IF(AE48="","",HYPERLINK(AE48,"Draft email")) -> Draft email | AG48: =IF($C48="","",IFERROR(INDEX('Staff Directory'!$K$595:$K$599,MATCH($C48,'Staff Directory'!$B$5:$B$599,0)),$D48)) -> PSW | AH48: =IF($C48="","",IFERROR(INDEX('Staff Directory'!$I$595:$I$599,MATCH($C48,'Staff Directory'!$B$5:$B$599,0))&" "&INDEX('Staff Directory'!$J$595:$J$599,MATCH($C48,'Staff Directory'!$B$5:$B$599,0)),$AG48)) -> PSW | AI48: 563963-5 | AJ48: =IF($F48="","",SUMIFS($J$5:$J48,$F$5:$F48,$F48)) -> 18 | AK48: =IF($F48="","",MAX(1,$AJ48-MAX($J48,0)+1)) -> 17 | AL48: {=IF($F48="","",IFERROR(INDEX('Lot Balance'!$B$5:$B$500,MATCH(1,INDEX(('Lot Balance'!$A$5:$A$500=$F48)*('Lot Balance'!$K$5:$K$500<$AK48)*('Lot Balance'!$K$5:$K$500+'Lot Balance'!$D$5:$D$500>=$AK48),0),0)),""))} -> 563963-5 | AM48: {=IF($F48="","",IFERROR(INDEX('Lot Balance'!$B$5:$B$500,MATCH(1,INDEX(('Lot Balance'!$A$5:$A$500=$F48)*('Lot Balance'!$K$5:$K$500<$AJ48)*('Lot Balance'!$K$5:$K$500+'Lot Balance'!$D$5:$D$500>=$AJ48),0),0)),""))} -> 563963-5 | AN48: =IF($F48="","",IF($AI48<>"",IF(COUNTIFS('Lot Balance'!$A$5:$A$500,$F48,'Lot Balance'!$B$5:$B$500,$AI48)=0,"⚠ override is not a lot of this item",IF($AI48=$AL48,"Override = FEFO","Override - FEFO says "&$AL48)),IF($AL48="","⚠ no receipt on file for this item",IF($AM48<>$AL48,"FEFO auto - split, also "&$AM48,"FEFO auto")))) -> Override = FEFO
